table_name,column_name,redaction_action,redacted_cells,notes
DIM_BANK_ACCOUNT,account_number,replace_with_token,14,Bank account numbers are not required for analytics answers; account_id remains available for joins.
DIM_CUSTOMER,first_name_th,replace_with_token,30000,Customer names are personal data; customer_id and segmentation fields remain available.
DIM_CUSTOMER,last_name_th,replace_with_token,30000,Customer names are personal data; customer_id and segmentation fields remain available.
DIM_CUSTOMER,first_name_en,replace_with_token,30000,Customer names are personal data; customer_id and segmentation fields remain available.
DIM_CUSTOMER,last_name_en,replace_with_token,30000,Customer names are personal data; customer_id and segmentation fields remain available.
DIM_CUSTOMER,email,blank,30000,Customer contact data is not required for benchmark analytics.
DIM_CUSTOMER,phone,blank,30000,Customer contact data is not required for benchmark analytics.
DIM_EMPLOYEE,email,blank,600,Employee contact data is removed; work names and roles remain for CEO/approver questions.
FACT_SHIPPING,tracking_number,replace_with_token,23182,"Shipment tracking numbers are operational identifiers, not needed for analytics joins."
