id,response
L3-Q-EASY-001,"MSRP ของสินค้า NT-LT-001 (NovaTech laptop flagship) เป็น 42,900.00 บาท"
L3-Q-EASY-002,มีรายการ vendor payment ที่ปี-เดือนของ posting_date ไม่ตรงกับ business_event_date ทั้งหมด 767 แถว จาก 809 แถวทั้งหมด
L3-Q-EASY-003,รายการขนส่งถูกจัดการโดย VeloShip (V-006) จำนวน 23182 รายการ คิดเป็น 100.00%
L3-Q-EASY-004,พนักงานที่มีจำนวนรายการสูงสุดคือ EMP-L3-00010 จำนวน 730 ครั้ง
L3-Q-EASY-005,"มี partner brand vendor ทั้งหมด 2 ราย คือ V-001 (NovaTech), V-002 (NovaTech Service)"
L3-Q-EASY-006,"ช่วง 2024-01-01 ถึง 2025-12-31 สาขาที่มี transaction มากที่สุดคือ BKK-SIAM (FahMai Siam) จำนวน 18084 transactions net_total_thb รวม 1,039,386,349.00 บาท"
L3-Q-EASY-007,"จำนวนลูกค้าแยกตาม loyalty_tier: none 7800 ราย, silver 7200 ราย, gold 7500 ราย, platinum 7500 ราย รวม 30000 ราย"
L3-Q-EASY-008,DIM_BRANCH มีสาขา/สถานที่ทั้งหมด 11 แห่ง
L3-Q-EASY-009,ณ วันที่ 2025-06-01 CEO คือ Naret Vision (EMP-L3-00013) ตำแหน่ง CEO handover 2025-01-15
L3-Q-EASY-010,สินค้า AW-MN-001 (ArcWave monitor flagship) มีระยะเวลารับประกัน 24 เดือน
L3-Q-EASY-011,"refund_signing_authority_ladder: policy_version_id 6, policy_class signing_authority, มีผลตั้งแต่ 2025-02-15 ถึง current"
L3-Q-EASY-012,"MSRP ของสินค้า SF-Galaxy-Pro-2568 (SaiFah smartphone flagship) เป็น 38,900.00 บาท"
L3-Q-EASY-013,DIM_VENDOR มี vendor ทั้งหมด 6 ราย
L3-Q-EASY-014,สาขาที่มีรายการขายมากที่สุดคือ BKK-SIAM (FahMai Siam) จำนวน 18084 รายการ
L3-Q-EASY-015,พนักงานที่มีจำนวนรายการสูงสุดคือ EMP-L3-00600 จำนวน 24 ครั้ง
L3-Q-EASY-016,"return_window_days: policy_version_id 1, value_numeric 14.00 มีผลตั้งแต่ 2024-01-01 ถึง 2025-03-01"
L3-Q-EASY-017,DIM_CUSTOMER มีลูกค้าประเภท B2B ทั้งหมด 300 ราย
L3-Q-EASY-018,"point_earning_rate_per_thb: policy_version_id 3, value_numeric 0.0100 มีผลตั้งแต่ 2024-01-01 ถึง 2025-04-01"
L3-Q-EASY-019,"point_earning_rate_per_thb: policy_version_id 4, value_numeric 0.0125 มีผลตั้งแต่ 2025-04-01 ถึง current"
L3-Q-EASY-020,รายการขนส่งถูกจัดการโดย VeloShip (V-006) จำนวน 23182 รายการ คิดเป็น 100.00%
L3-Q-EASY-021,"จำนวนลูกค้าแยกตาม loyalty_tier: none 7800 ราย, silver 7200 ราย, gold 7500 ราย, platinum 7500 ราย รวม 30000 ราย"
L3-Q-EASY-022,"loyalty_tier=platinum, customer_count=7500"
L3-Q-EASY-023,DIM_BANK_ACCOUNT มีบัญชีธนาคารทั้งหมด 14 บัญชี
L3-Q-EASY-024,"refund_threshold_thb: policy_version_id 12, value_numeric 5,000.00 มีผลตั้งแต่ 2025-03-15 ถึง current"
L3-Q-EASY-025,2025 11.11 Mega Sale 2568 442 รายการ; 2025 12.12 Mega Sale 2568 402 รายการ; 2024 11.11 Mega Sale 2567 267 รายการ; 2024 12.12 Mega Sale 2567 262 รายการ; 2024 Year-end Clearance 2567 87 รายการ; 2025 SF Galaxy Pro 2568 launch promo 86 รายการ; 2025 Year-end Clearance 2568 80 รายการ
L3-Q-MED-001,ปี 2024 SKU ที่ขายได้มากที่สุดคือ SKU-MASS-063 จำนวน 1508 ชิ้น; ปี 2025 SKU ที่ขายได้มากที่สุดคือ SF-Galaxy-Pro-2568 จำนวน 4370 ชิ้น
L3-Q-MED-002,"single largest deposit คือ 18,906,765.00 บาท วันที่ 2025-07-15 account_id OPER-REMOTE bank_txn_id BT-202507-1041521243094 source event B2C credit_card batch deposit REMOTE 2025-07-15 primary_sku SF-Galaxy-Pro-2568 promo SF-LAUNCH-2568"
L3-Q-MED-003,ลูกค้า B2C ที่ earn คะแนนสะสมรวมสูงสุดคือ CUST-L3-023922 จำนวน 15738 points loyalty_tier ปัจจุบัน platinum
L3-Q-MED-004,ลูกค้า CUST-L3-B2B-020600 รายการ TXN-202510-18020600 ชำระล่าช้า 14 วัน due 2025-12-17 received 2025-12-31
L3-Q-MED-005,ปี 2025 SKU ที่มี stockout มากที่สุดคือ SKU-MASS-048 จำนวน 10 events กระทบ 9 สาขา
L3-Q-MED-006,"MEGA-1111-2567: redemption 267 ครั้ง discount 1,308,360.00 บาท; MEGA-1111-2568: redemption 442 ครั้ง discount 2,868,084.00 บาท"
L3-Q-MED-007,"B2C basket สูงสุดคือ txn_id TXN-202411-03026757 ที่สาขา BKK-EMSP (FahMai EM Sphere) วันที่ 2024-11-03 basket_total_thb 320,300.00 บาท"
L3-Q-MED-008,"CUST-L3-B2B-002600 net_total_thb 7,548,210.00; CUST-L3-B2B-021100 net_total_thb 7,405,700.00; CUST-L3-B2B-019600 net_total_thb 6,817,740.00; CUST-L3-B2B-026300 net_total_thb 6,774,900.00; CUST-L3-B2B-003500 net_total_thb 6,758,870.00"
L3-Q-MED-009,"return_window_days: policy_version_id 1, value_numeric 14.00 มีผลตั้งแต่ 2024-01-01 ถึง 2025-03-01"
L3-Q-MED-010,"refund_threshold_thb: policy_version_id 12, value_numeric 5,000.00 มีผลตั้งแต่ 2025-03-15 ถึง current"
L3-Q-MED-011,ช่วง 2025-12-25 ถึง 2025-12-31 มีรายการคืนสินค้าทั้งหมด 74 รายการ แยกตามเหตุผล: customer_change_of_mind = 74 รายการ
L3-Q-MED-012,"Credit volume สูงสุดช่วง 2024-01-01 ถึง 2025-12-31 โดยไม่นับ KBANK-OPER คือ OPER-BKK-SIAM ยอดรวม 579,680,857.00 THB"
L3-Q-MED-013,"DN-LT-010 (Dawn) gross_revenue_thb 228,465,900.00; SF-Galaxy-Pro-2568 (SaiFah) gross_revenue_thb 169,993,000.00; SKU-MASS-019 (FahMai) gross_revenue_thb 159,538,600.00"
L3-Q-MED-014,"Pre-launch ก่อน 2025-07-15: offline (NON_REMOTE_BRANCHES) avg 58,040.03 บาท จาก 79321 transactions; online (REMOTE) avg 37,993.83 บาท จาก 10049 transactions"
L3-Q-MED-015,มี recall status history 3 records: normal 2024-01-01; active 2025-09-10; completed 2025-10-15
L3-Q-MED-016,highest: HKT-FEST sales 3970 returns 271 rate 6.83%; lowest: REMOTE sales 8150 returns 316 rate 3.88%
L3-Q-MED-017,"DN-LT-010 transaction ที่ใหญ่ที่สุดมียอด 254,700.00 บาท จำนวน 3 เครื่อง มี 4 transactions ที่ tie กัน: TXN-202411-09020300 TXN-202506-02002742 TXN-202508-12023200 TXN-202509-14028900"
L3-Q-MED-018,"ค่าธรรมเนียมธนาคารปี 2025 (fee) จำนวน 24 รายการ ยอดรวม -15,600.00 THB ค่าสัมบูรณ์ 15,600.00 บาท"
L3-Q-MED-019,"Distinct sku_id ต่อเดือน ปี 2025: ('109', '109', '109', '109', '109', '109', '110', '110', '110', '110', '110', '110'); SKU ที่เพิ่มในปีคือ SF-Galaxy-Pro-2568"
L3-Q-MED-020,ปี 2025 วันของสัปดาห์ที่มี B2C return events มากที่สุดคือ Thursday จำนวน 536 รายการ
L3-Q-HARD-001,"| vendor_id | vendor_invoice_id | payment_id | business_event_date | posting_date | paid_amount_thb | duplicate_count | | --- | --- | --- | --- | --- | --- | --- | | V-013 | PW-INV-2568-04823 | VP-202504-9096124 | 2025-03-31 | 2025-04-05 | 89,000.00 | 2 | | V-013 | PW-INV-2568-04823 | VP-202509-15179906 | 2025-09-10 | 2025-09-10 | 104,500.00 | 2 |"
L3-Q-HARD-002,"| campaign_id | total_redemption_rows | phantom_duplicate_rows | real_redemption_rows_after_dedup | discount_before_dedup_thb | phantom_discount_thb | discount_after_dedup_thb | inflation_pct_vs_dedup | | --- | --- | --- | --- | --- | --- | --- | --- | | SF-LAUNCH-2568 | 5 | 1 | 4 | 15,840.00 | 4,135.00 | 11,705.00 | 35.33 |"
L3-Q-HARD-003,| spike_date | remote_transaction_count | dominant_sku_id | dominant_sku_line_items | dominant_sku_units | | --- | --- | --- | --- | --- | | 2025-07-15 | 512 | SF-Galaxy-Pro-2568 | 501 | 501 |
L3-Q-HARD-004,"| sku_id | branch_code | affected_branch_name | brand_family | category | return_count | total_return_amount_thb | | --- | --- | --- | --- | --- | --- | --- | | WK-SW-004 | HKT-FEST | FahMai Phuket Festival | WatchKit | smartwatch | 28 | 165,200.00 |"
L3-Q-HARD-005,| mismatch_count | min_business_event_date | max_business_event_date | distinct_posting_dates | min_posting_date | max_posting_date | max_lag_days | | --- | --- | --- | --- | --- | --- | --- | | 8 | 2024-08-22 | 2024-08-24 | 1 | 2024-09-30 | 2024-09-30 | 39 |
L3-Q-HARD-006,| source_table | row_type | cross_month_posting_count | total_vendor_payment_rows | max_lag_days | | --- | --- | --- | --- | --- | | FACT_VENDOR_PAYMENT | vendor_payment | 767 | 809 | 28 |
L3-Q-HARD-007,"| sales_year | sales_quarter | quarter_revenue_thb | baseline_avg_revenue_thb | ratio_vs_baseline | | --- | --- | --- | --- | --- | | 2025 | 3 | 178,707,675.00 | 41,816,611.14 | 4.27 |"
L3-Q-HARD-008,| row_count | | --- | | 65334 |
L3-Q-HARD-009,| source_table | entity_type | branch_location_count | | --- | --- | --- | | DIM_BRANCH | branch | 11 |
L3-Q-HARD-010,| event_year | row_count | | --- | --- | | 2025 | 60253 | | 2024 | 56852 |
L3-Q-HARD-011,"| account_id | month_deposit_thb | month_deposit_count | year_deposit_thb | year_deposit_count | month_share_pct | | --- | --- | --- | --- | --- | --- | | OPER-REMOTE | 150,986,075.00 | 89 | 305,078,991.00 | 1030 | 49.49 |"
L3-Q-HARD-012,"| vendor_id | total_paid_thb | vendor_spend_share_pct | duplicate_invoice_id_count | | --- | --- | --- | --- | | V-001 | 16,320,000.00 | 48.91 | 0 | | V-002 | 8,064,000.00 | 24.17 | 0 | | V-006 | 3,552,000.00 | 10.65 | 0 | | V-013 | 2,032,350.00 | 6.09 | 1 | | V-014 | 2,016,000.00 | 6.04 | 0 | | V-018 | 1,382,400.00 | 4.14 | 0 |"
L3-Q-HARD-013,| total_opening_balance_quantity | opening_balance_rows | opening_balance_branches | top_opening_branch_code | branch_opening_quantity | same_day_opening_balance_rows | same_day_transfer_in_rows | same_day_transfer_in_quantity | | --- | --- | --- | --- | --- | --- | --- | --- | | 12652 | 11 | 11 | REMOTE | 12152 | 0 | 10 | 500 |
L3-Q-HARD-014,"| current_ceo_employee_id | current_ceo_first_name_en | current_ceo_last_name_en | current_ceo_position_title | current_ceo_role_label | leadership_transition_evidence_note | top_refund_approver_employee_id | top_refund_approver_first_name_en | top_refund_approver_last_name_en | top_refund_approver_position_title | top_refund_approver_dept_code | top_refund_approver_position_level | approved_refund_rows | approved_refund_amount_thb | top_approver_is_current_ceo | | --- | --- | --- | --- | --- | --- | --- | --- | --- | --- | --- | --- | --- | --- | --- | | EMP-L3-00013 | Naret | Vision | CEO | Incoming CEO | leadership-transition chat text is not present in loaded tables; exact handover date cannot be resolved from SQL tables alone | EMP-L3-00005 | Fin | Approver | Finance Manager | FIN | Manager | 7116 | 150,202,200.00 | no |"
L3-Q-HARD-015,"| vendor_id | vendor_invoice_id | payment_id | business_event_date | posting_date | paid_amount_thb | duplicate_count | | --- | --- | --- | --- | --- | --- | --- | | V-013 | PW-INV-2568-04823 | VP-202504-9096124 | 2025-03-31 | 2025-04-05 | 89,000.00 | 2 | | V-013 | PW-INV-2568-04823 | VP-202509-15179906 | 2025-09-10 | 2025-09-10 | 104,500.00 | 2 |"
L3-Q-HARD-016,"| campaign_id | total_redemption_rows | phantom_duplicate_rows | real_redemption_rows_after_dedup | discount_before_dedup_thb | phantom_discount_thb | discount_after_dedup_thb | inflation_pct_vs_dedup | | --- | --- | --- | --- | --- | --- | --- | --- | | SF-LAUNCH-2568 | 43 | 4 | 39 | 158,990.00 | 15,485.00 | 143,505.00 | 10.79 |"
L3-Q-HARD-017,| source_table | entity_type | vendor_count | | --- | --- | --- | | DIM_VENDOR | vendor | 6 |
L3-Q-HARD-018,| row_count | | --- | | 7133 |
L3-Q-HARD-019,"| ic_approver_refund_rows | ic_approver_refund_amount_thb | approver_employee_id | first_name_en | last_name_en | position_title | dept_code | position_level | evidence_note | | --- | --- | --- | --- | --- | --- | --- | --- | --- | | 14 | 77,250.00 | EMP-L3-00010 | May | Support | CS Agent | SUP | IC | FACT_REFUND_PAID has no cosig_employee_id column in the cleaned schema; LINE WORKS chat text is not present, so process phrase cannot be resolved from SQL tables alone |"
L3-Q-HARD-020,"| non_fin_manager_refund_rows | non_fin_manager_refund_amount_thb | approver_employee_id | first_name_en | last_name_en | position_title | dept_code | position_level | evidence_note | | --- | --- | --- | --- | --- | --- | --- | --- | --- | | 4 | 19,700.00 | EMP-L3-00008 | Ollie | Logistics | Operations Manager | OPS | Manager | FACT_REFUND_PAID has no cosig_employee_id column in the cleaned schema; LINE WORKS chat text is not present, so authority/process phrase cannot be resolved from SQL tables alone |"
L3-Q-XHARD-001,"| campaign_id | total_redemption_rows | phantom_duplicate_rows | unique_redemption_rows_after_dedup | net_discount_cost_after_dedup_thb | dedup_net_revenue_thb | roi_ratio | paywise_payment_rows | paywise_paid_amount_thb | | --- | --- | --- | --- | --- | --- | --- | --- | --- | | SF-LAUNCH-2568 | 43 | 4 | 39 | 143,505.00 | 2,726,595.00 | 19.00 | 1 | 12,500.00 |"
L3-Q-XHARD-002,"| vendor_id | vendor_invoice_id | payment_record_count | payment_ids | row_amount_and_dates | active_contract_versions | distinct_payment_instances_after_contract_aware_dedupe | total_cash_outflow_thb | bank_amount_match_rows | bank_crosscheck_rows | inferred_true_overpayment_thb | | --- | --- | --- | --- | --- | --- | --- | --- | --- | --- | --- | | V-013 | PW-INV-2568-04823 | 2 | VP-202504-9096124; VP-202509-15179906 | 89000.0 @ 2025-03-31/2025-04-05; 104500.0 @ 2025-09-10/2025-09-10 | v1: base contract; v3: Yearly rate ladder | 2 | 193,500.00 | 2 | 2 | 0 |"
L3-Q-XHARD-003,| status_record_count | status | transition_date | | --- | --- | --- | | 3 | normal | 2024-01-01 | | 3 | active | 2025-09-10 | | 3 | completed | 2025-10-15 |
L3-Q-XHARD-004,"| event_month | branch_name_en | event_fiscal_quarter | total_net_total_thb | | --- | --- | --- | --- | | 2025-01 | FahMai Phuket Road | 1 | 32,656,200.00 | | 2025-10 | FahMai Phuket Road | 4 | 31,044,300.00 | | 2025-02 | FahMai Phuket Road | 1 | 30,559,100.00 | | 2025-07 | FahMai Phuket Road | 3 | 30,216,505.00 | | 2025-06 | FahMai Phuket Road | 2 | 29,261,000.00 | | 2025-09 | FahMai Phuket Road | 3 | 28,965,000.00 | | 2025-05 | FahMai Phuket Road | 2 | 27,571,100.00 | | 2025-12 | FahMai Phuket Road | 4 | 26,905,260.00 | | 2025-08 | FahMai Phuket Road | 3 | 26,519,700.00 | | 2025-03 | FahMai Phuket Road | 1 | 26,032,400.00 | | 2025-11 | FahMai Phuket Road | 4 | 24,540,076.00 | | 2025-04 | FahMai Phuket Road | 2 | 10,668,300.00 |"
L3-Q-XHARD-005,| event_month | branch_name_en | row_count | | --- | --- | --- | | 2025-10 | FahMai Phuket Road | 517 | | 2025-06 | FahMai Phuket Road | 511 | | 2025-07 | FahMai Phuket Road | 504 | | 2025-01 | FahMai Phuket Road | 503 | | 2025-05 | FahMai Phuket Road | 483 | | 2025-09 | FahMai Phuket Road | 472 | | 2025-12 | FahMai Phuket Road | 468 | | 2025-08 | FahMai Phuket Road | 467 | | 2025-03 | FahMai Phuket Road | 459 | | 2025-11 | FahMai Phuket Road | 458 | | 2025-02 | FahMai Phuket Road | 450 | | 2025-04 | FahMai Phuket Road | 179 |
L3-Q-XHARD-006,"| employee_id | pre_pm1_violation_count | pre_pm1_violation_amount_thb | post_pm1_violation_count | post_pm1_violation_amount_thb | total_violation_amount_thb | first_name_en | last_name_en | position_title | dept_code | position_level | | --- | --- | --- | --- | --- | --- | --- | --- | --- | --- | --- | | EMP-L3-00010 | 6 | 21,750.00 | 8 | 55,500.00 | 77,250.00 | May | Support | CS Agent | SUP | IC |"
L3-Q-XHARD-007,| row_count | | --- | | 0 |
L3-Q-XHARD-008,| as_of_date | handover_date | employee_id | first_name_en | last_name_en | position_title | canon_role_label | | --- | --- | --- | --- | --- | --- | --- | | 2025-12-31 | 2024-01-01 | EMP-L3-00013 | Naret | Vision | CEO | Incoming CEO |
L3-Q-XHARD-009,0
L3-Q-XHARD-010,| source_table | filter_column | customer_type | b2b_customer_count | | --- | --- | --- | --- | | DIM_CUSTOMER | customer_type | B2B | 300 |
L3-Q-XHARD-011,| event_month | product_category | product_brand_family | vendor_name_en | row_count | | --- | --- | --- | --- | --- | | 2024-08 | monitor | FahMai |  | 35 | | 2024-08 | laptop | FahMai |  | 34 | | 2024-06 | smartphone | FahMai |  | 29 | | 2024-02 | monitor | FahMai |  | 28 | | 2024-10 | smartphone | FahMai |  | 28 | | 2024-11 | laptop | FahMai |  | 27 | | 2024-11 | monitor | FahMai |  | 27 | | 2024-01 | laptop | FahMai |  | 26 | | 2024-10 | smartwatch | FahMai |  | 26 | | 2024-12 | laptop | FahMai |  | 26 | | 2024-01 | smartphone | FahMai |  | 25 | | 2024-01 | smartwatch | FahMai |  | 25 | | 2024-05 | smartphone | FahMai |  | 25 | | 2024-09 | laptop | FahMai |  | 25 | | 2024-09 | monitor | FahMai |  | 25 | | 2024-08 | smartphone | FahMai |  | 24 | | 2024-02 | laptop | FahMai |  | 23 | | 2024-04 | laptop | FahMai |  | 22 | | 2024-06 | monitor | NovaTech | NovaTech | 22 | | 2024-07 | laptop | FahMai |  | 22 | | 2024-01 | monitor | FahMai |  | 21 | | 2024-02 | smartwatch | FahMai |  | 21 | | 2024-03 | smartphone | FahMai |  | 21 | | 2024-04 | smartphone | FahMai |  | 21 | | 2024-10 | monitor | FahMai |  | 21 | | 2024-04 | monitor | FahMai |  | 20 | | 2024-05 | laptop | FahMai |  | 20 | | 2024-05 | smartwatch | FahMai |  | 20 | | 2024-07 | monitor | FahMai |  | 20 | | 2024-07 | smartwatch | FahMai |  | 20 | | 2024-10 | laptop | FahMai |  | 20 | | 2024-03 | monitor | FahMai |  | 19 | | 2024-05 | smartphone | NovaTech | NovaTech | 19 | | 2024-08 | smartphone | NovaTech | NovaTech | 19 | | 2024-12 | monitor | FahMai |  | 19 | | 2024-03 | smartphone | NovaTech | NovaTech | 18 | | 2024-08 | smartwatch | FahMai |  | 18 | | 2024-09 | smartphone | FahMai |  | 18 | | 2024-10 | monitor | NovaTech | NovaTech | 18 | | 2024-02 | smartphone | FahMai |  | 17 | | 2024-05 | monitor | FahMai |  | 17 | | 2024-06 | smartwatch | FahMai |  | 17 | | 2024-09 | smartwatch | FahMai |  | 17 | | 2024-11 | smartwatch | FahMai |  | 17 | | 2024-12 | smartwatch | FahMai |  | 17 | | 2024-01 | smartphone | NovaTech | NovaTech | 16 | | 2024-02 | smartphone | NovaTech | NovaTech | 16 | | 2024-03 | laptop | FahMai |  | 16 | | 2024-03 | smartwatch | FahMai |  | 16 | | 2024-05 | monitor | NovaTech | NovaTech | 16 |
L3-Q-XHARD-012,| event_year | event_month | branch_name_en | event_fiscal_quarter | row_count | | --- | --- | --- | --- | --- | | 2025 | 2025-10 | FahMai Central World | 4 | 1697 | | 2025 | 2025-07 | FahMai Central World | 3 | 1649 | | 2025 | 2025-01 | FahMai Central World | 1 | 1644 | | 2025 | 2025-08 | FahMai Central World | 3 | 1602 | | 2025 | 2025-12 | FahMai Central World | 4 | 1581 | | 2025 | 2025-11 | FahMai Central World | 4 | 1561 | | 2025 | 2025-05 | FahMai Central World | 2 | 1556 | | 2025 | 2025-03 | FahMai Central World | 1 | 1540 | | 2025 | 2025-01 | FahMai Phuket Road | 1 | 1512 | | 2025 | 2025-10 | FahMai Phuket Road | 4 | 1491 | | 2025 | 2025-09 | FahMai Central World | 3 | 1463 | | 2025 | 2025-06 | FahMai Central World | 2 | 1428 | | 2025 | 2025-07 | FahMai Phuket Road | 3 | 1423 | | 2025 | 2025-02 | FahMai Central World | 1 | 1414 | | 2025 | 2025-06 | FahMai Phuket Road | 2 | 1408 | | 2025 | 2025-02 | FahMai Phuket Road | 1 | 1395 | | 2025 | 2025-09 | FahMai Phuket Road | 3 | 1388 | | 2025 | 2025-04 | FahMai Central World | 2 | 1385 | | 2025 | 2025-12 | FahMai Phuket Road | 4 | 1342 | | 2025 | 2025-05 | FahMai Phuket Road | 2 | 1281 | | 2025 | 2025-03 | FahMai Phuket Road | 1 | 1264 | | 2025 | 2025-08 | FahMai Phuket Road | 3 | 1241 | | 2025 | 2025-11 | FahMai Phuket Road | 4 | 1181 | | 2025 | 2025-04 | FahMai Phuket Road | 2 | 545 |
L3-Q-XHARD-013,"| sku_id | campaign_id | preorder_units | avg_preorder_daily_units | min_preorder_daily_units | max_preorder_daily_units | preorder_daily_pattern | launch_day_units | launch_spike_vs_preorder_avg | post_launch_units | avg_post_launch_daily_units | campaign_window_units | full_july_units | campaign_units_pct_of_july | sku_line_discount_total_thb | campaign_discount_total_thb | campaign_txn_count | promo_mechanic_ids | mechanic_values | | --- | --- | --- | --- | --- | --- | --- | --- | --- | --- | --- | --- | --- | --- | --- | --- | --- | --- | --- | | SF-Galaxy-Pro-2568 | SF-LAUNCH-2568 | 3192 | 228.00 | 228 | 228 | uniform | 504 | 2.21 | 54 | 3.60 | 558 | 3750 | 14.88 | 0.00 | 7,542,185.00 | 3749 | 1,2 | pct_off:0.05 |"
L3-Q-XHARD-014,"| sku_id | recall_state_machine | recall_active_date | recall_completed_date | vendor_recall_return_rows | return_amount_total_thb | refund_paid_thb | baseline_revenue_thb | recall_window_revenue_thb | lost_revenue_thb | early_warning_claims | | --- | --- | --- | --- | --- | --- | --- | --- | --- | --- | --- | | NT-LT-001 | normal:2024-01-01; active:2025-09-10; completed:2025-10-15 | 2025-09-10 | 2025-10-15 | 36 | 1,544,400.00 | 1,544,400.00 | 6,821,100.00 | 4,247,100.00 | 2,574,000.00 | 25 |"
L3-Q-XHARD-015,| status_record_count | status | transition_date | | --- | --- | --- | | 3 | normal | 2024-01-01 | | 3 | active | 2025-09-10 | | 3 | completed | 2025-10-15 |
L3-Q-XHARD-016,"| policy_version_id | policy_variable | value_numeric | effective_date | end_date | | --- | --- | --- | --- | --- | | 11 | refund_threshold_thb | 2,000.00 | 2024-01-01 | 2025-03-15 |"
L3-Q-XHARD-017,"| customer_id | total_spent_thb | transaction_count | top_sku_id | brand_family | category | sku_line_total_thb | sku_units | distinct_active_months | | --- | --- | --- | --- | --- | --- | --- | --- | --- | | CUST-L3-B2B-000200 | 25,867,541.20 | 45 | NT-LT-001 | NovaTech | laptop | 18,300,301.20 | 627 | 19 |"
L3-Q-XHARD-018,0
L3-Q-XHARD-019,"| campaign_id | unique_cohort_customers_after_dedup | discount_cost_after_dedup_thb | gross_sales_thb | in_window_refund_amount_thb | ltv_12mo_net_revenue_thb | corrected_roi_ratio | | --- | --- | --- | --- | --- | --- | --- | | SF-LAUNCH-2568 | 39 | 143,505.00 | 2,726,595.00 | 334,000.00 | 2,392,595.00 | 16.67 |"
L3-Q-XHARD-020,"| recall_return_rows | total_return_amount_thb | top_approver_employee_id | top_approver_first_name_en | top_approver_last_name_en | top_approver_position_title | top_approver_rows | top_approver_pct | recall_branch_count | recall_branch_codes | min_days_since_purchase | max_days_since_purchase | avg_days_since_purchase | | --- | --- | --- | --- | --- | --- | --- | --- | --- | --- | --- | --- | --- | | 36 | 1,544,400.00 | EMP-L3-00010 | May | Support | CS Agent | 36 | 100.00 | 1 | BKK-SIAM | 180 | 180 | 180.00 |"
L3-Q-REF-001,"| event_year | event_fiscal_quarter | total_points_delta | | --- | --- | --- | | 2025 | 3 | 1,268,959.00 | | 2025 | 2 | 1,200,471.00 | | 2025 | 4 | 1,046,572.00 | | 2025 | 1 | 25,591.00 |"
L3-Q-REF-008,"| vendor_name_en | total_paid_amount_thb | | --- | --- | | NovaTech | 16,320,000.00 | | NovaTech Service | 8,064,000.00 | | VeloShip | 3,552,000.00 | | PayWise | 2,032,350.00 | | LegacyShip | 2,016,000.00 | | NorthernShip | 1,382,400.00 |"
L3-Q-REF-019,"| total_refund_amount_thb | | --- | | 75,543,550.00 |"
L3-Q-REF-021,"| event_year | event_fiscal_quarter | total_points_delta | | --- | --- | --- | | 2025 | 3 | 1,268,959.00 | | 2025 | 2 | 1,200,471.00 | | 2025 | 4 | 1,046,572.00 | | 2025 | 1 | 25,591.00 |"
L3-Q-REF-023,"| event_month | branch_name_en | total_basket_total_thb | | --- | --- | --- | | 2025-01 | FahMai Phuket Road | 32,656,200.00 | | 2025-10 | FahMai Phuket Road | 31,044,300.00 | | 2025-02 | FahMai Phuket Road | 30,559,100.00 | | 2025-07 | FahMai Phuket Road | 30,248,700.00 | | 2025-06 | FahMai Phuket Road | 29,261,000.00 | | 2025-09 | FahMai Phuket Road | 28,965,000.00 | | 2025-12 | FahMai Phuket Road | 28,146,600.00 | | 2025-05 | FahMai Phuket Road | 27,571,100.00 | | 2025-08 | FahMai Phuket Road | 26,519,700.00 | | 2025-03 | FahMai Phuket Road | 26,032,400.00 | | 2025-11 | FahMai Phuket Road | 25,059,700.00 | | 2025-04 | FahMai Phuket Road | 10,668,300.00 |"
L3-Q-INJ-005,| sku_id | event_fiscal_quarter | row_count | | --- | --- | --- | | SF-Galaxy-Pro-2568 | 3 | 4001 | | NT-LT-001 | 4 | 1288 | | SKU-MASS-086 | 4 | 823 | | SKU-MASS-040 | 4 | 785 | | SKU-MASS-037 | 4 | 782 | | SKU-MASS-080 | 4 | 778 | | SKU-MASS-072 | 4 | 775 | | SKU-MASS-049 | 3 | 774 | | SKU-MASS-007 | 4 | 773 | | SKU-MASS-049 | 4 | 771 | | SKU-MASS-039 | 3 | 770 | | SKU-MASS-091 | 4 | 770 | | SKU-MASS-050 | 3 | 769 | | SKU-MASS-081 | 4 | 767 | | SKU-MASS-083 | 4 | 767 | | SKU-MASS-061 | 3 | 765 | | SKU-MASS-029 | 4 | 762 | | SKU-MASS-089 | 3 | 762 | | SKU-MASS-100 | 4 | 762 | | SKU-MASS-056 | 4 | 761 | | SKU-MASS-099 | 3 | 761 | | SKU-MASS-020 | 4 | 760 | | SKU-MASS-033 | 3 | 756 | | SKU-MASS-068 | 3 | 756 | | SKU-MASS-102 | 4 | 756 | | SKU-MASS-028 | 4 | 755 | | SKU-MASS-048 | 4 | 755 | | SKU-MASS-025 | 3 | 754 | | DN-LT-010 | 3 | 753 | | SKU-MASS-092 | 3 | 753 | | SKU-MASS-058 | 4 | 752 | | SKU-MASS-059 | 4 | 752 | | SKU-MASS-064 | 3 | 752 | | SKU-MASS-097 | 3 | 752 | | SKU-MASS-062 | 4 | 751 | | SKU-MASS-073 | 4 | 751 | | SKU-MASS-095 | 4 | 751 | | SKU-MASS-109 | 3 | 750 | | SKU-MASS-019 | 4 | 748 | | SKU-MASS-022 | 3 | 748 | | SKU-MASS-013 | 3 | 747 | | SKU-MASS-041 | 3 | 747 | | SKU-MASS-041 | 4 | 745 | | SKU-MASS-046 | 3 | 745 | | SKU-MASS-069 | 3 | 745 | | SKU-MASS-088 | 4 | 745 | | SKU-MASS-040 | 3 | 744 | | SKU-MASS-107 | 4 | 744 | | SKU-MASS-014 | 3 | 743 | | SKU-MASS-044 | 3 | 743 |
L3-Q-INJ-009,| row_count | | --- | | 7235 |
L3-Q-INJ-011,"| total_discount_applied_thb | | --- | | 12,592,289.00 |"
L3-Q-INJ-012,0
L3-Q-INJ-013,"| total_refund_amount_thb | | --- | | 150,299,150.00 |"
L3-Q-INJ-015,"| total_refund_amount_thb | | --- | | 150,299,150.00 |"
L3-Q-INJ-017,0
L3-Q-INJ-018,"| employee_id | total_basket_total_thb | | --- | --- | |  | 6,385,646,100.00 | | EMP-L3-00011 | 143,618,800.00 | | EMP-L3-00002 | 18,000,001.20 |"
L3-Q-INJ-021,"| event_month | event_fiscal_quarter | total_discount_applied_thb | | --- | --- | --- | | 2025-12 | 4 | 4,771,030.00 | | 2025-11 | 4 | 2,868,084.00 | | 2025-07 | 3 | 317,980.00 |"
L3-Q-INJ-022,0
