employee_id,first_name_th,last_name_th,first_name_en,last_name_en,email,branch_code,dept_code,position_title,position_level,reports_to_employee_id,hire_date,status,employment_type,is_canon_leader,canon_role_label
EMP-L3-00001,Vichai,Leelawong,Vichai,Leelawong,,BKK-R9,CEO,CEO,C-level,,2023-01-01,active,FT,true,Founder & CEO
EMP-L3-00002,Ben,Account,Ben,Account,,BKK-R9,B2B,B2B Account Manager,Manager,EMP-L3-00001,2023-01-01,active,FT,false,
EMP-L3-00003,Sara,Lead,Sara,Lead,,BKK-R9,SUP,CS Lead,Manager,EMP-L3-00001,2023-01-01,active,FT,false,
EMP-L3-00004,Ron,Retail,Ron,Retail,,BKK-R9,RET,Retail Director,Director,EMP-L3-00001,2023-01-01,active,FT,false,
EMP-L3-00005,Fin,Approver,Fin,Approver,,BKK-R9,FIN,Finance Manager,Manager,EMP-L3-00001,2023-01-01,active,FT,false,
EMP-L3-00006,Mali,Promo,Mali,Promo,,BKK-R9,MKT,Marketing Manager,Manager,EMP-L3-00001,2023-01-01,active,FT,false,
EMP-L3-00007,Hannah,People,Hannah,People,,BKK-R9,HR,HR Manager,Manager,EMP-L3-00001,2023-01-01,active,FT,false,
EMP-L3-00008,Ollie,Logistics,Ollie,Logistics,,BKK-R9,OPS,Operations Manager,Manager,EMP-L3-00001,2023-01-01,active,FT,false,
EMP-L3-00009,Sky,Product,Sky,Product,,BKK-R9,SF,SF Division Director,Director,EMP-L3-00001,2023-01-01,active,FT,false,
EMP-L3-00010,May,Support,May,Support,,BKK-R9,SUP,CS Agent,IC,EMP-L3-00003,2023-01-01,active,FT,false,
EMP-L3-00011,Som,Cashier,Som,Cashier,,BKK-R9,RET,Cashier,IC,EMP-L3-00004,2023-01-01,active,FT,false,
EMP-L3-00012,Manat,Chairman,Manat,Chairman,,BKK-R9,CEO,Board Chair,C-level,,2023-01-01,active,FT,true,Board Chair
EMP-L3-00013,Naret,Vision,Naret,Vision,,BKK-R9,CEO,CEO,C-level,EMP-L3-00012,2023-01-01,active,FT,true,Incoming CEO
EMP-L3-00014,Staff014,Member,Staff014,Member,,BKK-R9,B2B,B2B Staff,IC,EMP-L3-00002,2023-01-01,active,FT,false,
EMP-L3-00015,Staff015,Member,Staff015,Member,,BKK-R9,OPS,OPS Staff,IC,EMP-L3-00008,2023-01-01,active,FT,false,
EMP-L3-00016,Staff016,Member,Staff016,Member,,BKK-R9,FIN,FIN Staff,IC,EMP-L3-00005,2023-01-01,active,FT,false,
EMP-L3-00017,Staff017,Member,Staff017,Member,,BKK-R9,MKT,MKT Staff,IC,EMP-L3-00006,2023-01-01,active,FT,false,
EMP-L3-00018,Staff018,Member,Staff018,Member,,BKK-R9,RET,RET Staff,IC,EMP-L3-00004,2023-01-01,active,FT,false,
EMP-L3-00019,Staff019,Member,Staff019,Member,,BKK-R9,SUP,SUP Staff,IC,EMP-L3-00003,2023-01-01,active,FT,false,
EMP-L3-00020,Staff020,Member,Staff020,Member,,BKK-R9,B2B,B2B Staff,IC,EMP-L3-00002,2023-01-01,active,FT,false,
EMP-L3-00021,Staff021,Member,Staff021,Member,,BKK-R9,OPS,OPS Staff,IC,EMP-L3-00008,2023-01-01,active,FT,false,
EMP-L3-00022,Staff022,Member,Staff022,Member,,BKK-R9,FIN,FIN Staff,IC,EMP-L3-00005,2023-01-01,active,FT,false,
EMP-L3-00023,Staff023,Member,Staff023,Member,,BKK-R9,MKT,MKT Staff,IC,EMP-L3-00006,2023-01-01,active,FT,false,
EMP-L3-00024,Staff024,Member,Staff024,Member,,BKK-R9,RET,RET Staff,IC,EMP-L3-00004,2023-01-01,active,FT,false,
EMP-L3-00025,Staff025,Member,Staff025,Member,,BKK-R9,SUP,SUP Staff,IC,EMP-L3-00003,2023-01-01,active,FT,false,
EMP-L3-00026,Staff026,Member,Staff026,Member,,BKK-R9,B2B,B2B Staff,IC,EMP-L3-00002,2023-01-01,active,FT,false,
EMP-L3-00027,Staff027,Member,Staff027,Member,,BKK-R9,OPS,OPS Staff,IC,EMP-L3-00008,2023-01-01,active,FT,false,
EMP-L3-00028,Staff028,Member,Staff028,Member,,BKK-R9,FIN,FIN Staff,IC,EMP-L3-00005,2023-01-01,active,FT,false,
EMP-L3-00029,Staff029,Member,Staff029,Member,,BKK-R9,MKT,MKT Staff,IC,EMP-L3-00006,2023-01-01,active,FT,false,
EMP-L3-00030,Staff030,Member,Staff030,Member,,BKK-R9,RET,RET Staff,IC,EMP-L3-00004,2023-01-01,active,FT,false,
EMP-L3-00031,Staff031,Member,Staff031,Member,,BKK-R9,SUP,SUP Staff,IC,EMP-L3-00003,2023-01-01,active,FT,false,
EMP-L3-00032,Staff032,Member,Staff032,Member,,BKK-R9,B2B,B2B Staff,IC,EMP-L3-00002,2023-01-01,active,FT,false,
EMP-L3-00033,Staff033,Member,Staff033,Member,,BKK-R9,OPS,OPS Staff,IC,EMP-L3-00008,2023-01-01,active,FT,false,
EMP-L3-00034,Staff034,Member,Staff034,Member,,BKK-R9,FIN,FIN Staff,IC,EMP-L3-00005,2023-01-01,active,FT,false,
EMP-L3-00035,Staff035,Member,Staff035,Member,,BKK-R9,MKT,MKT Staff,IC,EMP-L3-00006,2023-01-01,active,FT,false,
EMP-L3-00036,Staff036,Member,Staff036,Member,,BKK-R9,RET,RET Staff,IC,EMP-L3-00004,2023-01-01,active,FT,false,
EMP-L3-00037,Staff037,Member,Staff037,Member,,BKK-R9,SUP,SUP Staff,IC,EMP-L3-00003,2023-01-01,active,FT,false,
EMP-L3-00038,Staff038,Member,Staff038,Member,,BKK-R9,B2B,B2B Staff,IC,EMP-L3-00002,2023-01-01,active,FT,false,
EMP-L3-00039,Staff039,Member,Staff039,Member,,BKK-R9,OPS,OPS Staff,IC,EMP-L3-00008,2023-01-01,active,FT,false,
EMP-L3-00040,Staff040,Member,Staff040,Member,,BKK-R9,FIN,FIN Staff,IC,EMP-L3-00005,2023-01-01,active,FT,false,
EMP-L3-00041,Staff041,Member,Staff041,Member,,BKK-R9,MKT,MKT Staff,IC,EMP-L3-00006,2023-01-01,active,FT,false,
EMP-L3-00042,Staff042,Member,Staff042,Member,,BKK-R9,RET,RET Staff,IC,EMP-L3-00004,2023-01-01,active,FT,false,
EMP-L3-00043,Staff043,Member,Staff043,Member,,BKK-R9,SUP,SUP Staff,IC,EMP-L3-00003,2023-01-01,active,FT,false,
EMP-L3-00044,Staff044,Member,Staff044,Member,,BKK-R9,B2B,B2B Staff,IC,EMP-L3-00002,2023-01-01,active,FT,false,
EMP-L3-00045,Staff045,Member,Staff045,Member,,BKK-R9,OPS,OPS Staff,IC,EMP-L3-00008,2023-01-01,active,FT,false,
EMP-L3-00046,Staff046,Member,Staff046,Member,,BKK-R9,FIN,FIN Staff,IC,EMP-L3-00005,2023-01-01,active,FT,false,
EMP-L3-00047,Staff047,Member,Staff047,Member,,BKK-R9,MKT,MKT Staff,IC,EMP-L3-00006,2023-01-01,active,FT,false,
EMP-L3-00048,Staff048,Member,Staff048,Member,,BKK-R9,RET,RET Staff,IC,EMP-L3-00004,2023-01-01,active,FT,false,
EMP-L3-00049,Staff049,Member,Staff049,Member,,BKK-R9,SUP,SUP Staff,IC,EMP-L3-00003,2023-01-01,active,FT,false,
EMP-L3-00050,Staff050,Member,Staff050,Member,,BKK-R9,B2B,B2B Staff,IC,EMP-L3-00002,2023-01-01,active,FT,false,
EMP-L3-00051,Staff051,Member,Staff051,Member,,BKK-R9,OPS,OPS Staff,IC,EMP-L3-00008,2023-01-01,active,FT,false,
EMP-L3-00052,Staff052,Member,Staff052,Member,,BKK-R9,FIN,FIN Staff,IC,EMP-L3-00005,2023-01-01,active,FT,false,
EMP-L3-00053,Staff053,Member,Staff053,Member,,BKK-R9,MKT,MKT Staff,IC,EMP-L3-00006,2023-01-01,active,FT,false,
EMP-L3-00054,Staff054,Member,Staff054,Member,,BKK-R9,RET,RET Staff,IC,EMP-L3-00004,2023-01-01,active,FT,false,
EMP-L3-00055,Staff055,Member,Staff055,Member,,BKK-R9,SUP,SUP Staff,IC,EMP-L3-00003,2023-01-01,active,FT,false,
EMP-L3-00056,Staff056,Member,Staff056,Member,,BKK-R9,B2B,B2B Staff,IC,EMP-L3-00002,2023-01-01,active,FT,false,
EMP-L3-00057,Staff057,Member,Staff057,Member,,BKK-R9,OPS,OPS Staff,IC,EMP-L3-00008,2023-01-01,active,FT,false,
EMP-L3-00058,Staff058,Member,Staff058,Member,,BKK-R9,FIN,FIN Staff,IC,EMP-L3-00005,2023-01-01,active,FT,false,
EMP-L3-00059,Staff059,Member,Staff059,Member,,BKK-R9,MKT,MKT Staff,IC,EMP-L3-00006,2023-01-01,active,FT,false,
EMP-L3-00060,Staff060,Member,Staff060,Member,,BKK-R9,RET,RET Staff,IC,EMP-L3-00004,2023-01-01,active,FT,false,
EMP-L3-00061,Staff061,Member,Staff061,Member,,BKK-R9,SUP,SUP Staff,IC,EMP-L3-00003,2023-01-01,active,FT,false,
EMP-L3-00062,Staff062,Member,Staff062,Member,,BKK-R9,B2B,B2B Staff,IC,EMP-L3-00002,2023-01-01,active,FT,false,
EMP-L3-00063,Staff063,Member,Staff063,Member,,BKK-R9,OPS,OPS Staff,IC,EMP-L3-00008,2023-01-01,active,FT,false,
EMP-L3-00064,Staff064,Member,Staff064,Member,,BKK-R9,FIN,FIN Staff,IC,EMP-L3-00005,2023-01-01,active,FT,false,
EMP-L3-00065,Staff065,Member,Staff065,Member,,BKK-R9,MKT,MKT Staff,IC,EMP-L3-00006,2023-01-01,active,FT,false,
EMP-L3-00066,Staff066,Member,Staff066,Member,,BKK-R9,RET,RET Staff,IC,EMP-L3-00004,2023-01-01,active,FT,false,
EMP-L3-00067,Staff067,Member,Staff067,Member,,BKK-R9,SUP,SUP Staff,IC,EMP-L3-00003,2023-01-01,active,FT,false,
EMP-L3-00068,Staff068,Member,Staff068,Member,,BKK-R9,B2B,B2B Staff,IC,EMP-L3-00002,2023-01-01,active,FT,false,
EMP-L3-00069,Staff069,Member,Staff069,Member,,BKK-R9,OPS,OPS Staff,IC,EMP-L3-00008,2023-01-01,active,FT,false,
EMP-L3-00070,Staff070,Member,Staff070,Member,,BKK-R9,FIN,FIN Staff,IC,EMP-L3-00005,2023-01-01,active,FT,false,
EMP-L3-00071,Staff071,Member,Staff071,Member,,BKK-R9,MKT,MKT Staff,IC,EMP-L3-00006,2023-01-01,active,FT,false,
EMP-L3-00072,Staff072,Member,Staff072,Member,,BKK-R9,RET,RET Staff,IC,EMP-L3-00004,2023-01-01,active,FT,false,
EMP-L3-00073,Staff073,Member,Staff073,Member,,BKK-R9,SUP,SUP Staff,IC,EMP-L3-00003,2023-01-01,active,FT,false,
EMP-L3-00074,Staff074,Member,Staff074,Member,,BKK-R9,B2B,B2B Staff,IC,EMP-L3-00002,2023-01-01,active,FT,false,
EMP-L3-00075,Staff075,Member,Staff075,Member,,BKK-R9,OPS,OPS Staff,IC,EMP-L3-00008,2023-01-01,active,FT,false,
EMP-L3-00076,Staff076,Member,Staff076,Member,,BKK-R9,FIN,FIN Staff,IC,EMP-L3-00005,2023-01-01,active,FT,false,
EMP-L3-00077,Staff077,Member,Staff077,Member,,BKK-R9,MKT,MKT Staff,IC,EMP-L3-00006,2023-01-01,active,FT,false,
EMP-L3-00078,Staff078,Member,Staff078,Member,,BKK-R9,RET,RET Staff,IC,EMP-L3-00004,2023-01-01,active,FT,false,
EMP-L3-00079,Staff079,Member,Staff079,Member,,BKK-R9,SUP,SUP Staff,IC,EMP-L3-00003,2023-01-01,active,FT,false,
EMP-L3-00080,Staff080,Member,Staff080,Member,,BKK-R9,B2B,B2B Staff,IC,EMP-L3-00002,2023-01-01,active,FT,false,
EMP-L3-00081,Staff081,Member,Staff081,Member,,BKK-R9,OPS,OPS Staff,IC,EMP-L3-00008,2023-01-01,active,FT,false,
EMP-L3-00082,Staff082,Member,Staff082,Member,,BKK-R9,FIN,FIN Staff,IC,EMP-L3-00005,2023-01-01,active,FT,false,
EMP-L3-00083,Staff083,Member,Staff083,Member,,BKK-R9,MKT,MKT Staff,IC,EMP-L3-00006,2023-01-01,active,FT,false,
EMP-L3-00084,Staff084,Member,Staff084,Member,,BKK-R9,RET,RET Staff,IC,EMP-L3-00004,2023-01-01,active,FT,false,
EMP-L3-00085,Staff085,Member,Staff085,Member,,BKK-R9,SUP,SUP Staff,IC,EMP-L3-00003,2023-01-01,active,FT,false,
EMP-L3-00086,Staff086,Member,Staff086,Member,,BKK-R9,B2B,B2B Staff,IC,EMP-L3-00002,2023-01-01,active,FT,false,
EMP-L3-00087,Staff087,Member,Staff087,Member,,BKK-R9,OPS,OPS Staff,IC,EMP-L3-00008,2023-01-01,active,FT,false,
EMP-L3-00088,Staff088,Member,Staff088,Member,,BKK-R9,FIN,FIN Staff,IC,EMP-L3-00005,2023-01-01,active,FT,false,
EMP-L3-00089,Staff089,Member,Staff089,Member,,BKK-R9,MKT,MKT Staff,IC,EMP-L3-00006,2023-01-01,active,FT,false,
EMP-L3-00090,Staff090,Member,Staff090,Member,,BKK-R9,RET,RET Staff,IC,EMP-L3-00004,2023-01-01,active,FT,false,
EMP-L3-00091,Staff091,Member,Staff091,Member,,BKK-R9,SUP,SUP Staff,IC,EMP-L3-00003,2023-01-01,active,FT,false,
EMP-L3-00092,Staff092,Member,Staff092,Member,,BKK-R9,B2B,B2B Staff,IC,EMP-L3-00002,2023-01-01,active,FT,false,
EMP-L3-00093,Staff093,Member,Staff093,Member,,BKK-R9,OPS,OPS Staff,IC,EMP-L3-00008,2023-01-01,active,FT,false,
EMP-L3-00094,Staff094,Member,Staff094,Member,,BKK-R9,FIN,FIN Staff,IC,EMP-L3-00005,2023-01-01,active,FT,false,
EMP-L3-00095,Staff095,Member,Staff095,Member,,BKK-R9,MKT,MKT Staff,IC,EMP-L3-00006,2023-01-01,active,FT,false,
EMP-L3-00096,Staff096,Member,Staff096,Member,,BKK-R9,RET,RET Staff,IC,EMP-L3-00004,2023-01-01,active,FT,false,
EMP-L3-00097,Staff097,Member,Staff097,Member,,BKK-R9,SUP,SUP Staff,IC,EMP-L3-00003,2023-01-01,active,FT,false,
EMP-L3-00098,Staff098,Member,Staff098,Member,,BKK-R9,B2B,B2B Staff,IC,EMP-L3-00002,2023-01-01,active,FT,false,
EMP-L3-00099,Staff099,Member,Staff099,Member,,BKK-R9,OPS,OPS Staff,IC,EMP-L3-00008,2023-01-01,active,FT,false,
EMP-L3-00100,Staff100,Member,Staff100,Member,,BKK-R9,FIN,FIN Staff,IC,EMP-L3-00005,2023-01-01,active,FT,false,
EMP-L3-00101,Staff101,Member,Staff101,Member,,BKK-R9,MKT,MKT Staff,IC,EMP-L3-00006,2023-01-01,active,FT,false,
EMP-L3-00102,Staff102,Member,Staff102,Member,,BKK-R9,RET,RET Staff,IC,EMP-L3-00004,2023-01-01,active,FT,false,
EMP-L3-00103,Staff103,Member,Staff103,Member,,BKK-R9,SUP,SUP Staff,IC,EMP-L3-00003,2023-01-01,active,FT,false,
EMP-L3-00104,Staff104,Member,Staff104,Member,,BKK-R9,B2B,B2B Staff,IC,EMP-L3-00002,2023-01-01,active,FT,false,
EMP-L3-00105,Staff105,Member,Staff105,Member,,BKK-R9,OPS,OPS Staff,IC,EMP-L3-00008,2023-01-01,active,FT,false,
EMP-L3-00106,Staff106,Member,Staff106,Member,,BKK-R9,FIN,FIN Staff,IC,EMP-L3-00005,2023-01-01,active,FT,false,
EMP-L3-00107,Staff107,Member,Staff107,Member,,BKK-R9,MKT,MKT Staff,IC,EMP-L3-00006,2023-01-01,active,FT,false,
EMP-L3-00108,Staff108,Member,Staff108,Member,,BKK-R9,RET,RET Staff,IC,EMP-L3-00004,2023-01-01,active,FT,false,
EMP-L3-00109,Staff109,Member,Staff109,Member,,BKK-R9,SUP,SUP Staff,IC,EMP-L3-00003,2023-01-01,active,FT,false,
EMP-L3-00110,Staff110,Member,Staff110,Member,,BKK-R9,B2B,B2B Staff,IC,EMP-L3-00002,2023-01-01,active,FT,false,
EMP-L3-00111,Staff111,Member,Staff111,Member,,BKK-R9,OPS,OPS Staff,IC,EMP-L3-00008,2023-01-01,active,FT,false,
EMP-L3-00112,Staff112,Member,Staff112,Member,,BKK-R9,FIN,FIN Staff,IC,EMP-L3-00005,2023-01-01,active,FT,false,
EMP-L3-00113,Staff113,Member,Staff113,Member,,BKK-R9,MKT,MKT Staff,IC,EMP-L3-00006,2023-01-01,active,FT,false,
EMP-L3-00114,Staff114,Member,Staff114,Member,,BKK-R9,RET,RET Staff,IC,EMP-L3-00004,2023-01-01,active,FT,false,
EMP-L3-00115,Staff115,Member,Staff115,Member,,BKK-R9,SUP,SUP Staff,IC,EMP-L3-00003,2023-01-01,active,FT,false,
EMP-L3-00116,Staff116,Member,Staff116,Member,,BKK-R9,B2B,B2B Staff,IC,EMP-L3-00002,2023-01-01,active,FT,false,
EMP-L3-00117,Staff117,Member,Staff117,Member,,BKK-R9,OPS,OPS Staff,IC,EMP-L3-00008,2023-01-01,active,FT,false,
EMP-L3-00118,Staff118,Member,Staff118,Member,,BKK-R9,FIN,FIN Staff,IC,EMP-L3-00005,2023-01-01,active,FT,false,
EMP-L3-00119,Staff119,Member,Staff119,Member,,BKK-R9,MKT,MKT Staff,IC,EMP-L3-00006,2023-01-01,active,FT,false,
EMP-L3-00120,Staff120,Member,Staff120,Member,,BKK-R9,RET,RET Staff,IC,EMP-L3-00004,2023-01-01,active,FT,false,
EMP-L3-00121,Staff121,Member,Staff121,Member,,BKK-R9,SUP,SUP Staff,IC,EMP-L3-00003,2023-01-01,active,FT,false,
EMP-L3-00122,Staff122,Member,Staff122,Member,,BKK-R9,B2B,B2B Staff,IC,EMP-L3-00002,2023-01-01,active,FT,false,
EMP-L3-00123,Staff123,Member,Staff123,Member,,BKK-R9,OPS,OPS Staff,IC,EMP-L3-00008,2023-01-01,active,FT,false,
EMP-L3-00124,Staff124,Member,Staff124,Member,,BKK-R9,FIN,FIN Staff,IC,EMP-L3-00005,2023-01-01,active,FT,false,
EMP-L3-00125,Staff125,Member,Staff125,Member,,BKK-R9,MKT,MKT Staff,IC,EMP-L3-00006,2023-01-01,active,FT,false,
EMP-L3-00126,Staff126,Member,Staff126,Member,,BKK-R9,RET,RET Staff,IC,EMP-L3-00004,2023-01-01,active,FT,false,
EMP-L3-00127,Staff127,Member,Staff127,Member,,BKK-R9,SUP,SUP Staff,IC,EMP-L3-00003,2023-01-01,active,FT,false,
EMP-L3-00128,Staff128,Member,Staff128,Member,,BKK-R9,B2B,B2B Staff,IC,EMP-L3-00002,2023-01-01,active,FT,false,
EMP-L3-00129,Staff129,Member,Staff129,Member,,BKK-R9,OPS,OPS Staff,IC,EMP-L3-00008,2023-01-01,active,FT,false,
EMP-L3-00130,Staff130,Member,Staff130,Member,,BKK-R9,FIN,FIN Staff,IC,EMP-L3-00005,2023-01-01,active,FT,false,
EMP-L3-00131,Staff131,Member,Staff131,Member,,BKK-R9,MKT,MKT Staff,IC,EMP-L3-00006,2023-01-01,active,FT,false,
EMP-L3-00132,Staff132,Member,Staff132,Member,,BKK-R9,RET,RET Staff,IC,EMP-L3-00004,2023-01-01,active,FT,false,
EMP-L3-00133,Staff133,Member,Staff133,Member,,BKK-R9,SUP,SUP Staff,IC,EMP-L3-00003,2023-01-01,active,FT,false,
EMP-L3-00134,Staff134,Member,Staff134,Member,,BKK-R9,B2B,B2B Staff,IC,EMP-L3-00002,2023-01-01,active,FT,false,
EMP-L3-00135,Staff135,Member,Staff135,Member,,BKK-R9,OPS,OPS Staff,IC,EMP-L3-00008,2023-01-01,active,FT,false,
EMP-L3-00136,Staff136,Member,Staff136,Member,,BKK-R9,FIN,FIN Staff,IC,EMP-L3-00005,2023-01-01,active,FT,false,
EMP-L3-00137,Staff137,Member,Staff137,Member,,BKK-R9,MKT,MKT Staff,IC,EMP-L3-00006,2023-01-01,active,FT,false,
EMP-L3-00138,Staff138,Member,Staff138,Member,,BKK-R9,RET,RET Staff,IC,EMP-L3-00004,2023-01-01,active,FT,false,
EMP-L3-00139,Staff139,Member,Staff139,Member,,BKK-R9,SUP,SUP Staff,IC,EMP-L3-00003,2023-01-01,active,FT,false,
EMP-L3-00140,Staff140,Member,Staff140,Member,,BKK-R9,B2B,B2B Staff,IC,EMP-L3-00002,2023-01-01,active,FT,false,
EMP-L3-00141,Staff141,Member,Staff141,Member,,BKK-R9,OPS,OPS Staff,IC,EMP-L3-00008,2023-01-01,active,FT,false,
EMP-L3-00142,Staff142,Member,Staff142,Member,,BKK-R9,FIN,FIN Staff,IC,EMP-L3-00005,2023-01-01,active,FT,false,
EMP-L3-00143,Staff143,Member,Staff143,Member,,BKK-R9,MKT,MKT Staff,IC,EMP-L3-00006,2023-01-01,active,FT,false,
EMP-L3-00144,Staff144,Member,Staff144,Member,,BKK-R9,RET,RET Staff,IC,EMP-L3-00004,2023-01-01,active,FT,false,
EMP-L3-00145,Staff145,Member,Staff145,Member,,BKK-R9,SUP,SUP Staff,IC,EMP-L3-00003,2023-01-01,active,FT,false,
EMP-L3-00146,Staff146,Member,Staff146,Member,,BKK-R9,B2B,B2B Staff,IC,EMP-L3-00002,2023-01-01,active,FT,false,
EMP-L3-00147,Staff147,Member,Staff147,Member,,BKK-R9,OPS,OPS Staff,IC,EMP-L3-00008,2023-01-01,active,FT,false,
EMP-L3-00148,Staff148,Member,Staff148,Member,,BKK-R9,FIN,FIN Staff,IC,EMP-L3-00005,2023-01-01,active,FT,false,
EMP-L3-00149,Staff149,Member,Staff149,Member,,BKK-R9,MKT,MKT Staff,IC,EMP-L3-00006,2023-01-01,active,FT,false,
EMP-L3-00150,Staff150,Member,Staff150,Member,,BKK-R9,RET,RET Staff,IC,EMP-L3-00004,2023-01-01,active,FT,false,
EMP-L3-00151,Staff151,Member,Staff151,Member,,BKK-R9,SUP,SUP Staff,IC,EMP-L3-00003,2023-01-01,active,FT,false,
EMP-L3-00152,Staff152,Member,Staff152,Member,,BKK-R9,B2B,B2B Staff,IC,EMP-L3-00002,2023-01-01,active,FT,false,
EMP-L3-00153,Staff153,Member,Staff153,Member,,BKK-R9,OPS,OPS Staff,IC,EMP-L3-00008,2023-01-01,active,FT,false,
EMP-L3-00154,Staff154,Member,Staff154,Member,,BKK-R9,FIN,FIN Staff,IC,EMP-L3-00005,2023-01-01,active,FT,false,
EMP-L3-00155,Staff155,Member,Staff155,Member,,BKK-R9,MKT,MKT Staff,IC,EMP-L3-00006,2023-01-01,active,FT,false,
EMP-L3-00156,Staff156,Member,Staff156,Member,,BKK-R9,RET,RET Staff,IC,EMP-L3-00004,2023-01-01,active,FT,false,
EMP-L3-00157,Staff157,Member,Staff157,Member,,BKK-R9,SUP,SUP Staff,IC,EMP-L3-00003,2023-01-01,active,FT,false,
EMP-L3-00158,Staff158,Member,Staff158,Member,,BKK-R9,B2B,B2B Staff,IC,EMP-L3-00002,2023-01-01,active,FT,false,
EMP-L3-00159,Staff159,Member,Staff159,Member,,BKK-R9,OPS,OPS Staff,IC,EMP-L3-00008,2023-01-01,active,FT,false,
EMP-L3-00160,Staff160,Member,Staff160,Member,,BKK-R9,FIN,FIN Staff,IC,EMP-L3-00005,2023-01-01,active,FT,false,
EMP-L3-00161,Staff161,Member,Staff161,Member,,BKK-R9,MKT,MKT Staff,IC,EMP-L3-00006,2023-01-01,active,FT,false,
EMP-L3-00162,Staff162,Member,Staff162,Member,,BKK-R9,RET,RET Staff,IC,EMP-L3-00004,2023-01-01,active,FT,false,
EMP-L3-00163,Staff163,Member,Staff163,Member,,BKK-R9,SUP,SUP Staff,IC,EMP-L3-00003,2023-01-01,active,FT,false,
EMP-L3-00164,Staff164,Member,Staff164,Member,,BKK-R9,B2B,B2B Staff,IC,EMP-L3-00002,2023-01-01,active,FT,false,
EMP-L3-00165,Staff165,Member,Staff165,Member,,BKK-R9,OPS,OPS Staff,IC,EMP-L3-00008,2023-01-01,active,FT,false,
EMP-L3-00166,Staff166,Member,Staff166,Member,,BKK-R9,FIN,FIN Staff,IC,EMP-L3-00005,2023-01-01,active,FT,false,
EMP-L3-00167,Staff167,Member,Staff167,Member,,BKK-R9,MKT,MKT Staff,IC,EMP-L3-00006,2023-01-01,active,FT,false,
EMP-L3-00168,Staff168,Member,Staff168,Member,,BKK-R9,RET,RET Staff,IC,EMP-L3-00004,2023-01-01,active,FT,false,
EMP-L3-00169,Staff169,Member,Staff169,Member,,BKK-R9,SUP,SUP Staff,IC,EMP-L3-00003,2023-01-01,active,FT,false,
EMP-L3-00170,Staff170,Member,Staff170,Member,,BKK-R9,B2B,B2B Staff,IC,EMP-L3-00002,2023-01-01,active,FT,false,
EMP-L3-00171,Staff171,Member,Staff171,Member,,BKK-R9,OPS,OPS Staff,IC,EMP-L3-00008,2023-01-01,active,FT,false,
EMP-L3-00172,Staff172,Member,Staff172,Member,,BKK-R9,FIN,FIN Staff,IC,EMP-L3-00005,2023-01-01,active,FT,false,
EMP-L3-00173,Staff173,Member,Staff173,Member,,BKK-R9,MKT,MKT Staff,IC,EMP-L3-00006,2023-01-01,active,FT,false,
EMP-L3-00174,Staff174,Member,Staff174,Member,,BKK-R9,RET,RET Staff,IC,EMP-L3-00004,2023-01-01,active,FT,false,
EMP-L3-00175,Staff175,Member,Staff175,Member,,BKK-R9,SUP,SUP Staff,IC,EMP-L3-00003,2023-01-01,active,FT,false,
EMP-L3-00176,Staff176,Member,Staff176,Member,,BKK-R9,B2B,B2B Staff,IC,EMP-L3-00002,2023-01-01,active,FT,false,
EMP-L3-00177,Staff177,Member,Staff177,Member,,BKK-R9,OPS,OPS Staff,IC,EMP-L3-00008,2023-01-01,active,FT,false,
EMP-L3-00178,Staff178,Member,Staff178,Member,,BKK-R9,FIN,FIN Staff,IC,EMP-L3-00005,2023-01-01,active,FT,false,
EMP-L3-00179,Staff179,Member,Staff179,Member,,BKK-R9,MKT,MKT Staff,IC,EMP-L3-00006,2023-01-01,active,FT,false,
EMP-L3-00180,Staff180,Member,Staff180,Member,,BKK-R9,RET,RET Staff,IC,EMP-L3-00004,2023-01-01,active,FT,false,
EMP-L3-00181,Staff181,Member,Staff181,Member,,BKK-R9,SUP,SUP Staff,IC,EMP-L3-00003,2023-01-01,active,FT,false,
EMP-L3-00182,Staff182,Member,Staff182,Member,,BKK-R9,B2B,B2B Staff,IC,EMP-L3-00002,2023-01-01,active,FT,false,
EMP-L3-00183,Staff183,Member,Staff183,Member,,BKK-R9,OPS,OPS Staff,IC,EMP-L3-00008,2023-01-01,active,FT,false,
EMP-L3-00184,Staff184,Member,Staff184,Member,,BKK-R9,FIN,FIN Staff,IC,EMP-L3-00005,2023-01-01,active,FT,false,
EMP-L3-00185,Staff185,Member,Staff185,Member,,BKK-R9,MKT,MKT Staff,IC,EMP-L3-00006,2023-01-01,active,FT,false,
EMP-L3-00186,Staff186,Member,Staff186,Member,,BKK-R9,RET,RET Staff,IC,EMP-L3-00004,2023-01-01,active,FT,false,
EMP-L3-00187,Staff187,Member,Staff187,Member,,BKK-R9,SUP,SUP Staff,IC,EMP-L3-00003,2023-01-01,active,FT,false,
EMP-L3-00188,Staff188,Member,Staff188,Member,,BKK-R9,B2B,B2B Staff,IC,EMP-L3-00002,2023-01-01,active,FT,false,
EMP-L3-00189,Staff189,Member,Staff189,Member,,BKK-R9,OPS,OPS Staff,IC,EMP-L3-00008,2023-01-01,active,FT,false,
EMP-L3-00190,Staff190,Member,Staff190,Member,,BKK-R9,FIN,FIN Staff,IC,EMP-L3-00005,2023-01-01,active,FT,false,
EMP-L3-00191,Staff191,Member,Staff191,Member,,BKK-R9,MKT,MKT Staff,IC,EMP-L3-00006,2023-01-01,active,FT,false,
EMP-L3-00192,Staff192,Member,Staff192,Member,,BKK-R9,RET,RET Staff,IC,EMP-L3-00004,2023-01-01,active,FT,false,
EMP-L3-00193,Staff193,Member,Staff193,Member,,BKK-R9,SUP,SUP Staff,IC,EMP-L3-00003,2023-01-01,active,FT,false,
EMP-L3-00194,Staff194,Member,Staff194,Member,,BKK-R9,B2B,B2B Staff,IC,EMP-L3-00002,2023-01-01,active,FT,false,
EMP-L3-00195,Staff195,Member,Staff195,Member,,BKK-R9,OPS,OPS Staff,IC,EMP-L3-00008,2023-01-01,active,FT,false,
EMP-L3-00196,Staff196,Member,Staff196,Member,,BKK-R9,FIN,FIN Staff,IC,EMP-L3-00005,2023-01-01,active,FT,false,
EMP-L3-00197,Staff197,Member,Staff197,Member,,BKK-R9,MKT,MKT Staff,IC,EMP-L3-00006,2023-01-01,active,FT,false,
EMP-L3-00198,Staff198,Member,Staff198,Member,,BKK-R9,RET,RET Staff,IC,EMP-L3-00004,2023-01-01,active,FT,false,
EMP-L3-00199,Staff199,Member,Staff199,Member,,BKK-R9,SUP,SUP Staff,IC,EMP-L3-00003,2023-01-01,active,FT,false,
EMP-L3-00200,Staff200,Member,Staff200,Member,,BKK-R9,B2B,B2B Staff,IC,EMP-L3-00002,2023-01-01,active,FT,false,
EMP-L3-00201,Staff201,Member,Staff201,Member,,BKK-R9,OPS,OPS Staff,IC,EMP-L3-00008,2023-01-01,active,FT,false,
EMP-L3-00202,Staff202,Member,Staff202,Member,,BKK-R9,FIN,FIN Staff,IC,EMP-L3-00005,2023-01-01,active,FT,false,
EMP-L3-00203,Staff203,Member,Staff203,Member,,BKK-R9,MKT,MKT Staff,IC,EMP-L3-00006,2023-01-01,active,FT,false,
EMP-L3-00204,Staff204,Member,Staff204,Member,,BKK-R9,RET,RET Staff,IC,EMP-L3-00004,2023-01-01,active,FT,false,
EMP-L3-00205,Staff205,Member,Staff205,Member,,BKK-R9,SUP,SUP Staff,IC,EMP-L3-00003,2023-01-01,active,FT,false,
EMP-L3-00206,Staff206,Member,Staff206,Member,,BKK-R9,B2B,B2B Staff,IC,EMP-L3-00002,2023-01-01,active,FT,false,
EMP-L3-00207,Staff207,Member,Staff207,Member,,BKK-R9,OPS,OPS Staff,IC,EMP-L3-00008,2023-01-01,active,FT,false,
EMP-L3-00208,Staff208,Member,Staff208,Member,,BKK-R9,FIN,FIN Staff,IC,EMP-L3-00005,2023-01-01,active,FT,false,
EMP-L3-00209,Staff209,Member,Staff209,Member,,BKK-R9,MKT,MKT Staff,IC,EMP-L3-00006,2023-01-01,active,FT,false,
EMP-L3-00210,Staff210,Member,Staff210,Member,,BKK-R9,RET,RET Staff,IC,EMP-L3-00004,2023-01-01,active,FT,false,
EMP-L3-00211,Staff211,Member,Staff211,Member,,BKK-R9,SUP,SUP Staff,IC,EMP-L3-00003,2023-01-01,active,FT,false,
EMP-L3-00212,Staff212,Member,Staff212,Member,,BKK-R9,B2B,B2B Staff,IC,EMP-L3-00002,2023-01-01,active,FT,false,
EMP-L3-00213,Staff213,Member,Staff213,Member,,BKK-R9,OPS,OPS Staff,IC,EMP-L3-00008,2023-01-01,active,FT,false,
EMP-L3-00214,Staff214,Member,Staff214,Member,,BKK-R9,FIN,FIN Staff,IC,EMP-L3-00005,2023-01-01,active,FT,false,
EMP-L3-00215,Staff215,Member,Staff215,Member,,BKK-R9,MKT,MKT Staff,IC,EMP-L3-00006,2023-01-01,active,FT,false,
EMP-L3-00216,Staff216,Member,Staff216,Member,,BKK-R9,RET,RET Staff,IC,EMP-L3-00004,2023-01-01,active,FT,false,
EMP-L3-00217,Staff217,Member,Staff217,Member,,BKK-R9,SUP,SUP Staff,IC,EMP-L3-00003,2023-01-01,active,FT,false,
EMP-L3-00218,Staff218,Member,Staff218,Member,,BKK-R9,B2B,B2B Staff,IC,EMP-L3-00002,2023-01-01,active,FT,false,
EMP-L3-00219,Staff219,Member,Staff219,Member,,BKK-R9,OPS,OPS Staff,IC,EMP-L3-00008,2023-01-01,active,FT,false,
EMP-L3-00220,Staff220,Member,Staff220,Member,,BKK-R9,FIN,FIN Staff,IC,EMP-L3-00005,2023-01-01,active,FT,false,
EMP-L3-00221,Staff221,Member,Staff221,Member,,BKK-R9,MKT,MKT Staff,IC,EMP-L3-00006,2023-01-01,active,FT,false,
EMP-L3-00222,Staff222,Member,Staff222,Member,,BKK-R9,RET,RET Staff,IC,EMP-L3-00004,2023-01-01,active,FT,false,
EMP-L3-00223,Staff223,Member,Staff223,Member,,BKK-R9,SUP,SUP Staff,IC,EMP-L3-00003,2023-01-01,active,FT,false,
EMP-L3-00224,Staff224,Member,Staff224,Member,,BKK-R9,B2B,B2B Staff,IC,EMP-L3-00002,2023-01-01,active,FT,false,
EMP-L3-00225,Staff225,Member,Staff225,Member,,BKK-R9,OPS,OPS Staff,IC,EMP-L3-00008,2023-01-01,active,FT,false,
EMP-L3-00226,Staff226,Member,Staff226,Member,,BKK-R9,FIN,FIN Staff,IC,EMP-L3-00005,2023-01-01,active,FT,false,
EMP-L3-00227,Staff227,Member,Staff227,Member,,BKK-R9,MKT,MKT Staff,IC,EMP-L3-00006,2023-01-01,active,FT,false,
EMP-L3-00228,Staff228,Member,Staff228,Member,,BKK-R9,RET,RET Staff,IC,EMP-L3-00004,2023-01-01,active,FT,false,
EMP-L3-00229,Staff229,Member,Staff229,Member,,BKK-R9,SUP,SUP Staff,IC,EMP-L3-00003,2023-01-01,active,FT,false,
EMP-L3-00230,Staff230,Member,Staff230,Member,,BKK-R9,B2B,B2B Staff,IC,EMP-L3-00002,2023-01-01,active,FT,false,
EMP-L3-00231,Staff231,Member,Staff231,Member,,BKK-R9,OPS,OPS Staff,IC,EMP-L3-00008,2023-01-01,active,FT,false,
EMP-L3-00232,Staff232,Member,Staff232,Member,,BKK-R9,FIN,FIN Staff,IC,EMP-L3-00005,2023-01-01,active,FT,false,
EMP-L3-00233,Staff233,Member,Staff233,Member,,BKK-R9,MKT,MKT Staff,IC,EMP-L3-00006,2023-01-01,active,FT,false,
EMP-L3-00234,Staff234,Member,Staff234,Member,,BKK-R9,RET,RET Staff,IC,EMP-L3-00004,2023-01-01,active,FT,false,
EMP-L3-00235,Staff235,Member,Staff235,Member,,BKK-R9,SUP,SUP Staff,IC,EMP-L3-00003,2023-01-01,active,FT,false,
EMP-L3-00236,Staff236,Member,Staff236,Member,,BKK-R9,B2B,B2B Staff,IC,EMP-L3-00002,2023-01-01,active,FT,false,
EMP-L3-00237,Staff237,Member,Staff237,Member,,BKK-R9,OPS,OPS Staff,IC,EMP-L3-00008,2023-01-01,active,FT,false,
EMP-L3-00238,Staff238,Member,Staff238,Member,,BKK-R9,FIN,FIN Staff,IC,EMP-L3-00005,2023-01-01,active,FT,false,
EMP-L3-00239,Staff239,Member,Staff239,Member,,BKK-R9,MKT,MKT Staff,IC,EMP-L3-00006,2023-01-01,active,FT,false,
EMP-L3-00240,Staff240,Member,Staff240,Member,,BKK-R9,RET,RET Staff,IC,EMP-L3-00004,2023-01-01,active,FT,false,
EMP-L3-00241,Staff241,Member,Staff241,Member,,BKK-R9,SUP,SUP Staff,IC,EMP-L3-00003,2023-01-01,active,FT,false,
EMP-L3-00242,Staff242,Member,Staff242,Member,,BKK-R9,B2B,B2B Staff,IC,EMP-L3-00002,2023-01-01,active,FT,false,
EMP-L3-00243,Staff243,Member,Staff243,Member,,BKK-R9,OPS,OPS Staff,IC,EMP-L3-00008,2023-01-01,active,FT,false,
EMP-L3-00244,Staff244,Member,Staff244,Member,,BKK-R9,FIN,FIN Staff,IC,EMP-L3-00005,2023-01-01,active,FT,false,
EMP-L3-00245,Staff245,Member,Staff245,Member,,BKK-R9,MKT,MKT Staff,IC,EMP-L3-00006,2023-01-01,active,FT,false,
EMP-L3-00246,Staff246,Member,Staff246,Member,,BKK-R9,RET,RET Staff,IC,EMP-L3-00004,2023-01-01,active,FT,false,
EMP-L3-00247,Staff247,Member,Staff247,Member,,BKK-R9,SUP,SUP Staff,IC,EMP-L3-00003,2023-01-01,active,FT,false,
EMP-L3-00248,Staff248,Member,Staff248,Member,,BKK-R9,B2B,B2B Staff,IC,EMP-L3-00002,2023-01-01,active,FT,false,
EMP-L3-00249,Staff249,Member,Staff249,Member,,BKK-R9,OPS,OPS Staff,IC,EMP-L3-00008,2023-01-01,active,FT,false,
EMP-L3-00250,Staff250,Member,Staff250,Member,,BKK-R9,FIN,FIN Staff,IC,EMP-L3-00005,2023-01-01,active,FT,false,
EMP-L3-00251,Staff251,Member,Staff251,Member,,BKK-R9,MKT,MKT Staff,IC,EMP-L3-00006,2023-01-01,active,FT,false,
EMP-L3-00252,Staff252,Member,Staff252,Member,,BKK-R9,RET,RET Staff,IC,EMP-L3-00004,2023-01-01,active,FT,false,
EMP-L3-00253,Staff253,Member,Staff253,Member,,BKK-R9,SUP,SUP Staff,IC,EMP-L3-00003,2023-01-01,active,FT,false,
EMP-L3-00254,Staff254,Member,Staff254,Member,,BKK-R9,B2B,B2B Staff,IC,EMP-L3-00002,2023-01-01,active,FT,false,
EMP-L3-00255,Staff255,Member,Staff255,Member,,BKK-R9,OPS,OPS Staff,IC,EMP-L3-00008,2023-01-01,active,FT,false,
EMP-L3-00256,Staff256,Member,Staff256,Member,,BKK-R9,FIN,FIN Staff,IC,EMP-L3-00005,2023-01-01,active,FT,false,
EMP-L3-00257,Staff257,Member,Staff257,Member,,BKK-R9,MKT,MKT Staff,IC,EMP-L3-00006,2023-01-01,active,FT,false,
EMP-L3-00258,Staff258,Member,Staff258,Member,,BKK-R9,RET,RET Staff,IC,EMP-L3-00004,2023-01-01,active,FT,false,
EMP-L3-00259,Staff259,Member,Staff259,Member,,BKK-R9,SUP,SUP Staff,IC,EMP-L3-00003,2023-01-01,active,FT,false,
EMP-L3-00260,Staff260,Member,Staff260,Member,,BKK-R9,B2B,B2B Staff,IC,EMP-L3-00002,2023-01-01,active,FT,false,
EMP-L3-00261,Staff261,Member,Staff261,Member,,BKK-R9,OPS,OPS Staff,IC,EMP-L3-00008,2023-01-01,active,FT,false,
EMP-L3-00262,Staff262,Member,Staff262,Member,,BKK-R9,FIN,FIN Staff,IC,EMP-L3-00005,2023-01-01,active,FT,false,
EMP-L3-00263,Staff263,Member,Staff263,Member,,BKK-R9,MKT,MKT Staff,IC,EMP-L3-00006,2023-01-01,active,FT,false,
EMP-L3-00264,Staff264,Member,Staff264,Member,,BKK-R9,RET,RET Staff,IC,EMP-L3-00004,2023-01-01,active,FT,false,
EMP-L3-00265,Staff265,Member,Staff265,Member,,BKK-R9,SUP,SUP Staff,IC,EMP-L3-00003,2023-01-01,active,FT,false,
EMP-L3-00266,Staff266,Member,Staff266,Member,,BKK-R9,B2B,B2B Staff,IC,EMP-L3-00002,2023-01-01,active,FT,false,
EMP-L3-00267,Staff267,Member,Staff267,Member,,BKK-R9,OPS,OPS Staff,IC,EMP-L3-00008,2023-01-01,active,FT,false,
EMP-L3-00268,Staff268,Member,Staff268,Member,,BKK-R9,FIN,FIN Staff,IC,EMP-L3-00005,2023-01-01,active,FT,false,
EMP-L3-00269,Staff269,Member,Staff269,Member,,BKK-R9,MKT,MKT Staff,IC,EMP-L3-00006,2023-01-01,active,FT,false,
EMP-L3-00270,Staff270,Member,Staff270,Member,,BKK-R9,RET,RET Staff,IC,EMP-L3-00004,2023-01-01,active,FT,false,
EMP-L3-00271,Staff271,Member,Staff271,Member,,BKK-R9,SUP,SUP Staff,IC,EMP-L3-00003,2023-01-01,active,FT,false,
EMP-L3-00272,Staff272,Member,Staff272,Member,,BKK-R9,B2B,B2B Staff,IC,EMP-L3-00002,2023-01-01,active,FT,false,
EMP-L3-00273,Staff273,Member,Staff273,Member,,BKK-R9,OPS,OPS Staff,IC,EMP-L3-00008,2023-01-01,active,FT,false,
EMP-L3-00274,Staff274,Member,Staff274,Member,,BKK-R9,FIN,FIN Staff,IC,EMP-L3-00005,2023-01-01,active,FT,false,
EMP-L3-00275,Staff275,Member,Staff275,Member,,BKK-R9,MKT,MKT Staff,IC,EMP-L3-00006,2023-01-01,active,FT,false,
EMP-L3-00276,Staff276,Member,Staff276,Member,,BKK-R9,RET,RET Staff,IC,EMP-L3-00004,2023-01-01,active,FT,false,
EMP-L3-00277,Staff277,Member,Staff277,Member,,BKK-R9,SUP,SUP Staff,IC,EMP-L3-00003,2023-01-01,active,FT,false,
EMP-L3-00278,Staff278,Member,Staff278,Member,,BKK-R9,B2B,B2B Staff,IC,EMP-L3-00002,2023-01-01,active,FT,false,
EMP-L3-00279,Staff279,Member,Staff279,Member,,BKK-R9,OPS,OPS Staff,IC,EMP-L3-00008,2023-01-01,active,FT,false,
EMP-L3-00280,Staff280,Member,Staff280,Member,,BKK-R9,FIN,FIN Staff,IC,EMP-L3-00005,2023-01-01,active,FT,false,
EMP-L3-00281,Staff281,Member,Staff281,Member,,BKK-R9,MKT,MKT Staff,IC,EMP-L3-00006,2023-01-01,active,FT,false,
EMP-L3-00282,Staff282,Member,Staff282,Member,,BKK-R9,RET,RET Staff,IC,EMP-L3-00004,2023-01-01,active,FT,false,
EMP-L3-00283,Staff283,Member,Staff283,Member,,BKK-R9,SUP,SUP Staff,IC,EMP-L3-00003,2023-01-01,active,FT,false,
EMP-L3-00284,Staff284,Member,Staff284,Member,,BKK-R9,B2B,B2B Staff,IC,EMP-L3-00002,2023-01-01,active,FT,false,
EMP-L3-00285,Staff285,Member,Staff285,Member,,BKK-R9,OPS,OPS Staff,IC,EMP-L3-00008,2023-01-01,active,FT,false,
EMP-L3-00286,Staff286,Member,Staff286,Member,,BKK-R9,FIN,FIN Staff,IC,EMP-L3-00005,2023-01-01,active,FT,false,
EMP-L3-00287,Staff287,Member,Staff287,Member,,BKK-R9,MKT,MKT Staff,IC,EMP-L3-00006,2023-01-01,active,FT,false,
EMP-L3-00288,Staff288,Member,Staff288,Member,,BKK-R9,RET,RET Staff,IC,EMP-L3-00004,2023-01-01,active,FT,false,
EMP-L3-00289,Staff289,Member,Staff289,Member,,BKK-R9,SUP,SUP Staff,IC,EMP-L3-00003,2023-01-01,active,FT,false,
EMP-L3-00290,Staff290,Member,Staff290,Member,,BKK-R9,B2B,B2B Staff,IC,EMP-L3-00002,2023-01-01,active,FT,false,
EMP-L3-00291,Staff291,Member,Staff291,Member,,BKK-R9,OPS,OPS Staff,IC,EMP-L3-00008,2023-01-01,active,FT,false,
EMP-L3-00292,Staff292,Member,Staff292,Member,,BKK-R9,FIN,FIN Staff,IC,EMP-L3-00005,2023-01-01,active,FT,false,
EMP-L3-00293,Staff293,Member,Staff293,Member,,BKK-R9,MKT,MKT Staff,IC,EMP-L3-00006,2023-01-01,active,FT,false,
EMP-L3-00294,Staff294,Member,Staff294,Member,,BKK-R9,RET,RET Staff,IC,EMP-L3-00004,2023-01-01,active,FT,false,
EMP-L3-00295,Staff295,Member,Staff295,Member,,BKK-R9,SUP,SUP Staff,IC,EMP-L3-00003,2023-01-01,active,FT,false,
EMP-L3-00296,Staff296,Member,Staff296,Member,,BKK-R9,B2B,B2B Staff,IC,EMP-L3-00002,2023-01-01,active,FT,false,
EMP-L3-00297,Staff297,Member,Staff297,Member,,BKK-R9,OPS,OPS Staff,IC,EMP-L3-00008,2023-01-01,active,FT,false,
EMP-L3-00298,Staff298,Member,Staff298,Member,,BKK-R9,FIN,FIN Staff,IC,EMP-L3-00005,2023-01-01,active,FT,false,
EMP-L3-00299,Staff299,Member,Staff299,Member,,BKK-R9,MKT,MKT Staff,IC,EMP-L3-00006,2023-01-01,active,FT,false,
EMP-L3-00300,Staff300,Member,Staff300,Member,,BKK-R9,RET,RET Staff,IC,EMP-L3-00004,2023-01-01,active,FT,false,
EMP-L3-00301,Staff301,Member,Staff301,Member,,BKK-R9,SUP,SUP Staff,IC,EMP-L3-00003,2023-01-01,active,FT,false,
EMP-L3-00302,Staff302,Member,Staff302,Member,,BKK-R9,B2B,B2B Staff,IC,EMP-L3-00002,2023-01-01,active,FT,false,
EMP-L3-00303,Staff303,Member,Staff303,Member,,BKK-R9,OPS,OPS Staff,IC,EMP-L3-00008,2023-01-01,active,FT,false,
EMP-L3-00304,Staff304,Member,Staff304,Member,,BKK-R9,FIN,FIN Staff,IC,EMP-L3-00005,2023-01-01,active,FT,false,
EMP-L3-00305,Staff305,Member,Staff305,Member,,BKK-R9,MKT,MKT Staff,IC,EMP-L3-00006,2023-01-01,active,FT,false,
EMP-L3-00306,Staff306,Member,Staff306,Member,,BKK-R9,RET,RET Staff,IC,EMP-L3-00004,2023-01-01,active,FT,false,
EMP-L3-00307,Staff307,Member,Staff307,Member,,BKK-R9,SUP,SUP Staff,IC,EMP-L3-00003,2023-01-01,active,FT,false,
EMP-L3-00308,Staff308,Member,Staff308,Member,,BKK-R9,B2B,B2B Staff,IC,EMP-L3-00002,2023-01-01,active,FT,false,
EMP-L3-00309,Staff309,Member,Staff309,Member,,BKK-R9,OPS,OPS Staff,IC,EMP-L3-00008,2023-01-01,active,FT,false,
EMP-L3-00310,Staff310,Member,Staff310,Member,,BKK-R9,FIN,FIN Staff,IC,EMP-L3-00005,2023-01-01,active,FT,false,
EMP-L3-00311,Staff311,Member,Staff311,Member,,BKK-R9,MKT,MKT Staff,IC,EMP-L3-00006,2023-01-01,active,FT,false,
EMP-L3-00312,Staff312,Member,Staff312,Member,,BKK-R9,RET,RET Staff,IC,EMP-L3-00004,2023-01-01,active,FT,false,
EMP-L3-00313,Staff313,Member,Staff313,Member,,BKK-R9,SUP,SUP Staff,IC,EMP-L3-00003,2023-01-01,active,FT,false,
EMP-L3-00314,Staff314,Member,Staff314,Member,,BKK-R9,B2B,B2B Staff,IC,EMP-L3-00002,2023-01-01,active,FT,false,
EMP-L3-00315,Staff315,Member,Staff315,Member,,BKK-R9,OPS,OPS Staff,IC,EMP-L3-00008,2023-01-01,active,FT,false,
EMP-L3-00316,Staff316,Member,Staff316,Member,,BKK-R9,FIN,FIN Staff,IC,EMP-L3-00005,2023-01-01,active,FT,false,
EMP-L3-00317,Staff317,Member,Staff317,Member,,BKK-R9,MKT,MKT Staff,IC,EMP-L3-00006,2023-01-01,active,FT,false,
EMP-L3-00318,Staff318,Member,Staff318,Member,,BKK-R9,RET,RET Staff,IC,EMP-L3-00004,2023-01-01,active,FT,false,
EMP-L3-00319,Staff319,Member,Staff319,Member,,BKK-R9,SUP,SUP Staff,IC,EMP-L3-00003,2023-01-01,active,FT,false,
EMP-L3-00320,Staff320,Member,Staff320,Member,,BKK-R9,B2B,B2B Staff,IC,EMP-L3-00002,2023-01-01,active,FT,false,
EMP-L3-00321,Staff321,Member,Staff321,Member,,BKK-R9,OPS,OPS Staff,IC,EMP-L3-00008,2023-01-01,active,FT,false,
EMP-L3-00322,Staff322,Member,Staff322,Member,,BKK-R9,FIN,FIN Staff,IC,EMP-L3-00005,2023-01-01,active,FT,false,
EMP-L3-00323,Staff323,Member,Staff323,Member,,BKK-R9,MKT,MKT Staff,IC,EMP-L3-00006,2023-01-01,active,FT,false,
EMP-L3-00324,Staff324,Member,Staff324,Member,,BKK-R9,RET,RET Staff,IC,EMP-L3-00004,2023-01-01,active,FT,false,
EMP-L3-00325,Staff325,Member,Staff325,Member,,BKK-R9,SUP,SUP Staff,IC,EMP-L3-00003,2023-01-01,active,FT,false,
EMP-L3-00326,Staff326,Member,Staff326,Member,,BKK-R9,B2B,B2B Staff,IC,EMP-L3-00002,2023-01-01,active,FT,false,
EMP-L3-00327,Staff327,Member,Staff327,Member,,BKK-R9,OPS,OPS Staff,IC,EMP-L3-00008,2023-01-01,active,FT,false,
EMP-L3-00328,Staff328,Member,Staff328,Member,,BKK-R9,FIN,FIN Staff,IC,EMP-L3-00005,2023-01-01,active,FT,false,
EMP-L3-00329,Staff329,Member,Staff329,Member,,BKK-R9,MKT,MKT Staff,IC,EMP-L3-00006,2023-01-01,active,FT,false,
EMP-L3-00330,Staff330,Member,Staff330,Member,,BKK-R9,RET,RET Staff,IC,EMP-L3-00004,2023-01-01,active,FT,false,
EMP-L3-00331,Staff331,Member,Staff331,Member,,BKK-R9,SUP,SUP Staff,IC,EMP-L3-00003,2023-01-01,active,FT,false,
EMP-L3-00332,Staff332,Member,Staff332,Member,,BKK-R9,B2B,B2B Staff,IC,EMP-L3-00002,2023-01-01,active,FT,false,
EMP-L3-00333,Staff333,Member,Staff333,Member,,BKK-R9,OPS,OPS Staff,IC,EMP-L3-00008,2023-01-01,active,FT,false,
EMP-L3-00334,Staff334,Member,Staff334,Member,,BKK-R9,FIN,FIN Staff,IC,EMP-L3-00005,2023-01-01,active,FT,false,
EMP-L3-00335,Staff335,Member,Staff335,Member,,BKK-R9,MKT,MKT Staff,IC,EMP-L3-00006,2023-01-01,active,FT,false,
EMP-L3-00336,Staff336,Member,Staff336,Member,,BKK-R9,RET,RET Staff,IC,EMP-L3-00004,2023-01-01,active,FT,false,
EMP-L3-00337,Staff337,Member,Staff337,Member,,BKK-R9,SUP,SUP Staff,IC,EMP-L3-00003,2023-01-01,active,FT,false,
EMP-L3-00338,Staff338,Member,Staff338,Member,,BKK-R9,B2B,B2B Staff,IC,EMP-L3-00002,2023-01-01,active,FT,false,
EMP-L3-00339,Staff339,Member,Staff339,Member,,BKK-R9,OPS,OPS Staff,IC,EMP-L3-00008,2023-01-01,active,FT,false,
EMP-L3-00340,Staff340,Member,Staff340,Member,,BKK-R9,FIN,FIN Staff,IC,EMP-L3-00005,2023-01-01,active,FT,false,
EMP-L3-00341,Staff341,Member,Staff341,Member,,BKK-R9,MKT,MKT Staff,IC,EMP-L3-00006,2023-01-01,active,FT,false,
EMP-L3-00342,Staff342,Member,Staff342,Member,,BKK-R9,RET,RET Staff,IC,EMP-L3-00004,2023-01-01,active,FT,false,
EMP-L3-00343,Staff343,Member,Staff343,Member,,BKK-R9,SUP,SUP Staff,IC,EMP-L3-00003,2023-01-01,active,FT,false,
EMP-L3-00344,Staff344,Member,Staff344,Member,,BKK-R9,B2B,B2B Staff,IC,EMP-L3-00002,2023-01-01,active,FT,false,
EMP-L3-00345,Staff345,Member,Staff345,Member,,BKK-R9,OPS,OPS Staff,IC,EMP-L3-00008,2023-01-01,active,FT,false,
EMP-L3-00346,Staff346,Member,Staff346,Member,,BKK-R9,FIN,FIN Staff,IC,EMP-L3-00005,2023-01-01,active,FT,false,
EMP-L3-00347,Staff347,Member,Staff347,Member,,BKK-R9,MKT,MKT Staff,IC,EMP-L3-00006,2023-01-01,active,FT,false,
EMP-L3-00348,Staff348,Member,Staff348,Member,,BKK-R9,RET,RET Staff,IC,EMP-L3-00004,2023-01-01,active,FT,false,
EMP-L3-00349,Staff349,Member,Staff349,Member,,BKK-R9,SUP,SUP Staff,IC,EMP-L3-00003,2023-01-01,active,FT,false,
EMP-L3-00350,Staff350,Member,Staff350,Member,,BKK-R9,B2B,B2B Staff,IC,EMP-L3-00002,2023-01-01,active,FT,false,
EMP-L3-00351,Staff351,Member,Staff351,Member,,BKK-R9,OPS,OPS Staff,IC,EMP-L3-00008,2023-01-01,active,FT,false,
EMP-L3-00352,Staff352,Member,Staff352,Member,,BKK-R9,FIN,FIN Staff,IC,EMP-L3-00005,2023-01-01,active,FT,false,
EMP-L3-00353,Staff353,Member,Staff353,Member,,BKK-R9,MKT,MKT Staff,IC,EMP-L3-00006,2023-01-01,active,FT,false,
EMP-L3-00354,Staff354,Member,Staff354,Member,,BKK-R9,RET,RET Staff,IC,EMP-L3-00004,2023-01-01,active,FT,false,
EMP-L3-00355,Staff355,Member,Staff355,Member,,BKK-R9,SUP,SUP Staff,IC,EMP-L3-00003,2023-01-01,active,FT,false,
EMP-L3-00356,Staff356,Member,Staff356,Member,,BKK-R9,B2B,B2B Staff,IC,EMP-L3-00002,2023-01-01,active,FT,false,
EMP-L3-00357,Staff357,Member,Staff357,Member,,BKK-R9,OPS,OPS Staff,IC,EMP-L3-00008,2023-01-01,active,FT,false,
EMP-L3-00358,Staff358,Member,Staff358,Member,,BKK-R9,FIN,FIN Staff,IC,EMP-L3-00005,2023-01-01,active,FT,false,
EMP-L3-00359,Staff359,Member,Staff359,Member,,BKK-R9,MKT,MKT Staff,IC,EMP-L3-00006,2023-01-01,active,FT,false,
EMP-L3-00360,Staff360,Member,Staff360,Member,,BKK-R9,RET,RET Staff,IC,EMP-L3-00004,2023-01-01,active,FT,false,
EMP-L3-00361,Staff361,Member,Staff361,Member,,BKK-R9,SUP,SUP Staff,IC,EMP-L3-00003,2023-01-01,active,FT,false,
EMP-L3-00362,Staff362,Member,Staff362,Member,,BKK-R9,B2B,B2B Staff,IC,EMP-L3-00002,2023-01-01,active,FT,false,
EMP-L3-00363,Staff363,Member,Staff363,Member,,BKK-R9,OPS,OPS Staff,IC,EMP-L3-00008,2023-01-01,active,FT,false,
EMP-L3-00364,Staff364,Member,Staff364,Member,,BKK-R9,FIN,FIN Staff,IC,EMP-L3-00005,2023-01-01,active,FT,false,
EMP-L3-00365,Staff365,Member,Staff365,Member,,BKK-R9,MKT,MKT Staff,IC,EMP-L3-00006,2023-01-01,active,FT,false,
EMP-L3-00366,Staff366,Member,Staff366,Member,,BKK-R9,RET,RET Staff,IC,EMP-L3-00004,2023-01-01,active,FT,false,
EMP-L3-00367,Staff367,Member,Staff367,Member,,BKK-R9,SUP,SUP Staff,IC,EMP-L3-00003,2023-01-01,active,FT,false,
EMP-L3-00368,Staff368,Member,Staff368,Member,,BKK-R9,B2B,B2B Staff,IC,EMP-L3-00002,2023-01-01,active,FT,false,
EMP-L3-00369,Staff369,Member,Staff369,Member,,BKK-R9,OPS,OPS Staff,IC,EMP-L3-00008,2023-01-01,active,FT,false,
EMP-L3-00370,Staff370,Member,Staff370,Member,,BKK-R9,FIN,FIN Staff,IC,EMP-L3-00005,2023-01-01,active,FT,false,
EMP-L3-00371,Staff371,Member,Staff371,Member,,BKK-R9,MKT,MKT Staff,IC,EMP-L3-00006,2023-01-01,active,FT,false,
EMP-L3-00372,Staff372,Member,Staff372,Member,,BKK-R9,RET,RET Staff,IC,EMP-L3-00004,2023-01-01,active,FT,false,
EMP-L3-00373,Staff373,Member,Staff373,Member,,BKK-R9,SUP,SUP Staff,IC,EMP-L3-00003,2023-01-01,active,FT,false,
EMP-L3-00374,Staff374,Member,Staff374,Member,,BKK-R9,B2B,B2B Staff,IC,EMP-L3-00002,2023-01-01,active,FT,false,
EMP-L3-00375,Staff375,Member,Staff375,Member,,BKK-R9,OPS,OPS Staff,IC,EMP-L3-00008,2023-01-01,active,FT,false,
EMP-L3-00376,Staff376,Member,Staff376,Member,,BKK-R9,FIN,FIN Staff,IC,EMP-L3-00005,2023-01-01,active,FT,false,
EMP-L3-00377,Staff377,Member,Staff377,Member,,BKK-R9,MKT,MKT Staff,IC,EMP-L3-00006,2023-01-01,active,FT,false,
EMP-L3-00378,Staff378,Member,Staff378,Member,,BKK-R9,RET,RET Staff,IC,EMP-L3-00004,2023-01-01,active,FT,false,
EMP-L3-00379,Staff379,Member,Staff379,Member,,BKK-R9,SUP,SUP Staff,IC,EMP-L3-00003,2023-01-01,active,FT,false,
EMP-L3-00380,Staff380,Member,Staff380,Member,,BKK-R9,B2B,B2B Staff,IC,EMP-L3-00002,2023-01-01,active,FT,false,
EMP-L3-00381,Staff381,Member,Staff381,Member,,BKK-R9,OPS,OPS Staff,IC,EMP-L3-00008,2023-01-01,active,FT,false,
EMP-L3-00382,Staff382,Member,Staff382,Member,,BKK-R9,FIN,FIN Staff,IC,EMP-L3-00005,2023-01-01,active,FT,false,
EMP-L3-00383,Staff383,Member,Staff383,Member,,BKK-R9,MKT,MKT Staff,IC,EMP-L3-00006,2023-01-01,active,FT,false,
EMP-L3-00384,Staff384,Member,Staff384,Member,,BKK-R9,RET,RET Staff,IC,EMP-L3-00004,2023-01-01,active,FT,false,
EMP-L3-00385,Staff385,Member,Staff385,Member,,BKK-R9,SUP,SUP Staff,IC,EMP-L3-00003,2023-01-01,active,FT,false,
EMP-L3-00386,Staff386,Member,Staff386,Member,,BKK-R9,B2B,B2B Staff,IC,EMP-L3-00002,2023-01-01,active,FT,false,
EMP-L3-00387,Staff387,Member,Staff387,Member,,BKK-R9,OPS,OPS Staff,IC,EMP-L3-00008,2023-01-01,active,FT,false,
EMP-L3-00388,Staff388,Member,Staff388,Member,,BKK-R9,FIN,FIN Staff,IC,EMP-L3-00005,2023-01-01,active,FT,false,
EMP-L3-00389,Staff389,Member,Staff389,Member,,BKK-R9,MKT,MKT Staff,IC,EMP-L3-00006,2023-01-01,active,FT,false,
EMP-L3-00390,Staff390,Member,Staff390,Member,,BKK-R9,RET,RET Staff,IC,EMP-L3-00004,2023-01-01,active,FT,false,
EMP-L3-00391,Staff391,Member,Staff391,Member,,BKK-R9,SUP,SUP Staff,IC,EMP-L3-00003,2023-01-01,active,FT,false,
EMP-L3-00392,Staff392,Member,Staff392,Member,,BKK-R9,B2B,B2B Staff,IC,EMP-L3-00002,2023-01-01,active,FT,false,
EMP-L3-00393,Staff393,Member,Staff393,Member,,BKK-R9,OPS,OPS Staff,IC,EMP-L3-00008,2023-01-01,active,FT,false,
EMP-L3-00394,Staff394,Member,Staff394,Member,,BKK-R9,FIN,FIN Staff,IC,EMP-L3-00005,2023-01-01,active,FT,false,
EMP-L3-00395,Staff395,Member,Staff395,Member,,BKK-R9,MKT,MKT Staff,IC,EMP-L3-00006,2023-01-01,active,FT,false,
EMP-L3-00396,Staff396,Member,Staff396,Member,,BKK-R9,RET,RET Staff,IC,EMP-L3-00004,2023-01-01,active,FT,false,
EMP-L3-00397,Staff397,Member,Staff397,Member,,BKK-R9,SUP,SUP Staff,IC,EMP-L3-00003,2023-01-01,active,FT,false,
EMP-L3-00398,Staff398,Member,Staff398,Member,,BKK-R9,B2B,B2B Staff,IC,EMP-L3-00002,2023-01-01,active,FT,false,
EMP-L3-00399,Staff399,Member,Staff399,Member,,BKK-R9,OPS,OPS Staff,IC,EMP-L3-00008,2023-01-01,active,FT,false,
EMP-L3-00400,Staff400,Member,Staff400,Member,,BKK-R9,FIN,FIN Staff,IC,EMP-L3-00005,2023-01-01,active,FT,false,
EMP-L3-00401,Staff401,Member,Staff401,Member,,BKK-R9,MKT,MKT Staff,IC,EMP-L3-00006,2023-01-01,active,FT,false,
EMP-L3-00402,Staff402,Member,Staff402,Member,,BKK-R9,RET,RET Staff,IC,EMP-L3-00004,2023-01-01,active,FT,false,
EMP-L3-00403,Staff403,Member,Staff403,Member,,BKK-R9,SUP,SUP Staff,IC,EMP-L3-00003,2023-01-01,active,FT,false,
EMP-L3-00404,Staff404,Member,Staff404,Member,,BKK-R9,B2B,B2B Staff,IC,EMP-L3-00002,2023-01-01,active,FT,false,
EMP-L3-00405,Staff405,Member,Staff405,Member,,BKK-R9,OPS,OPS Staff,IC,EMP-L3-00008,2023-01-01,active,FT,false,
EMP-L3-00406,Staff406,Member,Staff406,Member,,BKK-R9,FIN,FIN Staff,IC,EMP-L3-00005,2023-01-01,active,FT,false,
EMP-L3-00407,Staff407,Member,Staff407,Member,,BKK-R9,MKT,MKT Staff,IC,EMP-L3-00006,2023-01-01,active,FT,false,
EMP-L3-00408,Staff408,Member,Staff408,Member,,BKK-R9,RET,RET Staff,IC,EMP-L3-00004,2023-01-01,active,FT,false,
EMP-L3-00409,Staff409,Member,Staff409,Member,,BKK-R9,SUP,SUP Staff,IC,EMP-L3-00003,2023-01-01,active,FT,false,
EMP-L3-00410,Staff410,Member,Staff410,Member,,BKK-R9,B2B,B2B Staff,IC,EMP-L3-00002,2023-01-01,active,FT,false,
EMP-L3-00411,Staff411,Member,Staff411,Member,,BKK-R9,OPS,OPS Staff,IC,EMP-L3-00008,2023-01-01,active,FT,false,
EMP-L3-00412,Staff412,Member,Staff412,Member,,BKK-R9,FIN,FIN Staff,IC,EMP-L3-00005,2023-01-01,active,FT,false,
EMP-L3-00413,Staff413,Member,Staff413,Member,,BKK-R9,MKT,MKT Staff,IC,EMP-L3-00006,2023-01-01,active,FT,false,
EMP-L3-00414,Staff414,Member,Staff414,Member,,BKK-R9,RET,RET Staff,IC,EMP-L3-00004,2023-01-01,active,FT,false,
EMP-L3-00415,Staff415,Member,Staff415,Member,,BKK-R9,SUP,SUP Staff,IC,EMP-L3-00003,2023-01-01,active,FT,false,
EMP-L3-00416,Staff416,Member,Staff416,Member,,BKK-R9,B2B,B2B Staff,IC,EMP-L3-00002,2023-01-01,active,FT,false,
EMP-L3-00417,Staff417,Member,Staff417,Member,,BKK-R9,OPS,OPS Staff,IC,EMP-L3-00008,2023-01-01,active,FT,false,
EMP-L3-00418,Staff418,Member,Staff418,Member,,BKK-R9,FIN,FIN Staff,IC,EMP-L3-00005,2023-01-01,active,FT,false,
EMP-L3-00419,Staff419,Member,Staff419,Member,,BKK-R9,MKT,MKT Staff,IC,EMP-L3-00006,2023-01-01,active,FT,false,
EMP-L3-00420,Staff420,Member,Staff420,Member,,BKK-R9,RET,RET Staff,IC,EMP-L3-00004,2023-01-01,active,FT,false,
EMP-L3-00421,Staff421,Member,Staff421,Member,,BKK-R9,SUP,SUP Staff,IC,EMP-L3-00003,2023-01-01,active,FT,false,
EMP-L3-00422,Staff422,Member,Staff422,Member,,BKK-R9,B2B,B2B Staff,IC,EMP-L3-00002,2023-01-01,active,FT,false,
EMP-L3-00423,Staff423,Member,Staff423,Member,,BKK-R9,OPS,OPS Staff,IC,EMP-L3-00008,2023-01-01,active,FT,false,
EMP-L3-00424,Staff424,Member,Staff424,Member,,BKK-R9,FIN,FIN Staff,IC,EMP-L3-00005,2023-01-01,active,FT,false,
EMP-L3-00425,Staff425,Member,Staff425,Member,,BKK-R9,MKT,MKT Staff,IC,EMP-L3-00006,2023-01-01,active,FT,false,
EMP-L3-00426,Staff426,Member,Staff426,Member,,BKK-R9,RET,RET Staff,IC,EMP-L3-00004,2023-01-01,active,FT,false,
EMP-L3-00427,Staff427,Member,Staff427,Member,,BKK-R9,SUP,SUP Staff,IC,EMP-L3-00003,2023-01-01,active,FT,false,
EMP-L3-00428,Staff428,Member,Staff428,Member,,BKK-R9,B2B,B2B Staff,IC,EMP-L3-00002,2023-01-01,active,FT,false,
EMP-L3-00429,Staff429,Member,Staff429,Member,,BKK-R9,OPS,OPS Staff,IC,EMP-L3-00008,2023-01-01,active,FT,false,
EMP-L3-00430,Staff430,Member,Staff430,Member,,BKK-R9,FIN,FIN Staff,IC,EMP-L3-00005,2023-01-01,active,FT,false,
EMP-L3-00431,Staff431,Member,Staff431,Member,,BKK-R9,MKT,MKT Staff,IC,EMP-L3-00006,2023-01-01,active,FT,false,
EMP-L3-00432,Staff432,Member,Staff432,Member,,BKK-R9,RET,RET Staff,IC,EMP-L3-00004,2023-01-01,active,FT,false,
EMP-L3-00433,Staff433,Member,Staff433,Member,,BKK-R9,SUP,SUP Staff,IC,EMP-L3-00003,2023-01-01,active,FT,false,
EMP-L3-00434,Staff434,Member,Staff434,Member,,BKK-R9,B2B,B2B Staff,IC,EMP-L3-00002,2023-01-01,active,FT,false,
EMP-L3-00435,Staff435,Member,Staff435,Member,,BKK-R9,OPS,OPS Staff,IC,EMP-L3-00008,2023-01-01,active,FT,false,
EMP-L3-00436,Staff436,Member,Staff436,Member,,BKK-R9,FIN,FIN Staff,IC,EMP-L3-00005,2023-01-01,active,FT,false,
EMP-L3-00437,Staff437,Member,Staff437,Member,,BKK-R9,MKT,MKT Staff,IC,EMP-L3-00006,2023-01-01,active,FT,false,
EMP-L3-00438,Staff438,Member,Staff438,Member,,BKK-R9,RET,RET Staff,IC,EMP-L3-00004,2023-01-01,active,FT,false,
EMP-L3-00439,Staff439,Member,Staff439,Member,,BKK-R9,SUP,SUP Staff,IC,EMP-L3-00003,2023-01-01,active,FT,false,
EMP-L3-00440,Staff440,Member,Staff440,Member,,BKK-R9,B2B,B2B Staff,IC,EMP-L3-00002,2023-01-01,active,FT,false,
EMP-L3-00441,Staff441,Member,Staff441,Member,,BKK-R9,OPS,OPS Staff,IC,EMP-L3-00008,2023-01-01,active,FT,false,
EMP-L3-00442,Staff442,Member,Staff442,Member,,BKK-R9,FIN,FIN Staff,IC,EMP-L3-00005,2023-01-01,active,FT,false,
EMP-L3-00443,Staff443,Member,Staff443,Member,,BKK-R9,MKT,MKT Staff,IC,EMP-L3-00006,2023-01-01,active,FT,false,
EMP-L3-00444,Staff444,Member,Staff444,Member,,BKK-R9,RET,RET Staff,IC,EMP-L3-00004,2023-01-01,active,FT,false,
EMP-L3-00445,Staff445,Member,Staff445,Member,,BKK-R9,SUP,SUP Staff,IC,EMP-L3-00003,2023-01-01,active,FT,false,
EMP-L3-00446,Staff446,Member,Staff446,Member,,BKK-R9,B2B,B2B Staff,IC,EMP-L3-00002,2023-01-01,active,FT,false,
EMP-L3-00447,Staff447,Member,Staff447,Member,,BKK-R9,OPS,OPS Staff,IC,EMP-L3-00008,2023-01-01,active,FT,false,
EMP-L3-00448,Staff448,Member,Staff448,Member,,BKK-R9,FIN,FIN Staff,IC,EMP-L3-00005,2023-01-01,active,FT,false,
EMP-L3-00449,Staff449,Member,Staff449,Member,,BKK-R9,MKT,MKT Staff,IC,EMP-L3-00006,2023-01-01,active,FT,false,
EMP-L3-00450,Staff450,Member,Staff450,Member,,BKK-R9,RET,RET Staff,IC,EMP-L3-00004,2023-01-01,active,FT,false,
EMP-L3-00451,Staff451,Member,Staff451,Member,,BKK-R9,SUP,SUP Staff,IC,EMP-L3-00003,2023-01-01,active,FT,false,
EMP-L3-00452,Staff452,Member,Staff452,Member,,BKK-R9,B2B,B2B Staff,IC,EMP-L3-00002,2023-01-01,active,FT,false,
EMP-L3-00453,Staff453,Member,Staff453,Member,,BKK-R9,OPS,OPS Staff,IC,EMP-L3-00008,2023-01-01,active,FT,false,
EMP-L3-00454,Staff454,Member,Staff454,Member,,BKK-R9,FIN,FIN Staff,IC,EMP-L3-00005,2023-01-01,active,FT,false,
EMP-L3-00455,Staff455,Member,Staff455,Member,,BKK-R9,MKT,MKT Staff,IC,EMP-L3-00006,2023-01-01,active,FT,false,
EMP-L3-00456,Staff456,Member,Staff456,Member,,BKK-R9,RET,RET Staff,IC,EMP-L3-00004,2023-01-01,active,FT,false,
EMP-L3-00457,Staff457,Member,Staff457,Member,,BKK-R9,SUP,SUP Staff,IC,EMP-L3-00003,2023-01-01,active,FT,false,
EMP-L3-00458,Staff458,Member,Staff458,Member,,BKK-R9,B2B,B2B Staff,IC,EMP-L3-00002,2023-01-01,active,FT,false,
EMP-L3-00459,Staff459,Member,Staff459,Member,,BKK-R9,OPS,OPS Staff,IC,EMP-L3-00008,2023-01-01,active,FT,false,
EMP-L3-00460,Staff460,Member,Staff460,Member,,BKK-R9,FIN,FIN Staff,IC,EMP-L3-00005,2023-01-01,active,FT,false,
EMP-L3-00461,Staff461,Member,Staff461,Member,,BKK-R9,MKT,MKT Staff,IC,EMP-L3-00006,2023-01-01,active,FT,false,
EMP-L3-00462,Staff462,Member,Staff462,Member,,BKK-R9,RET,RET Staff,IC,EMP-L3-00004,2023-01-01,active,FT,false,
EMP-L3-00463,Staff463,Member,Staff463,Member,,BKK-R9,SUP,SUP Staff,IC,EMP-L3-00003,2023-01-01,active,FT,false,
EMP-L3-00464,Staff464,Member,Staff464,Member,,BKK-R9,B2B,B2B Staff,IC,EMP-L3-00002,2023-01-01,active,FT,false,
EMP-L3-00465,Staff465,Member,Staff465,Member,,BKK-R9,OPS,OPS Staff,IC,EMP-L3-00008,2023-01-01,active,FT,false,
EMP-L3-00466,Staff466,Member,Staff466,Member,,BKK-R9,FIN,FIN Staff,IC,EMP-L3-00005,2023-01-01,active,FT,false,
EMP-L3-00467,Staff467,Member,Staff467,Member,,BKK-R9,MKT,MKT Staff,IC,EMP-L3-00006,2023-01-01,active,FT,false,
EMP-L3-00468,Staff468,Member,Staff468,Member,,BKK-R9,RET,RET Staff,IC,EMP-L3-00004,2023-01-01,active,FT,false,
EMP-L3-00469,Staff469,Member,Staff469,Member,,BKK-R9,SUP,SUP Staff,IC,EMP-L3-00003,2023-01-01,active,FT,false,
EMP-L3-00470,Staff470,Member,Staff470,Member,,BKK-R9,B2B,B2B Staff,IC,EMP-L3-00002,2023-01-01,active,FT,false,
EMP-L3-00471,Staff471,Member,Staff471,Member,,BKK-R9,OPS,OPS Staff,IC,EMP-L3-00008,2023-01-01,active,FT,false,
EMP-L3-00472,Staff472,Member,Staff472,Member,,BKK-R9,FIN,FIN Staff,IC,EMP-L3-00005,2023-01-01,active,FT,false,
EMP-L3-00473,Staff473,Member,Staff473,Member,,BKK-R9,MKT,MKT Staff,IC,EMP-L3-00006,2023-01-01,active,FT,false,
EMP-L3-00474,Staff474,Member,Staff474,Member,,BKK-R9,RET,RET Staff,IC,EMP-L3-00004,2023-01-01,active,FT,false,
EMP-L3-00475,Staff475,Member,Staff475,Member,,BKK-R9,SUP,SUP Staff,IC,EMP-L3-00003,2023-01-01,active,FT,false,
EMP-L3-00476,Staff476,Member,Staff476,Member,,BKK-R9,B2B,B2B Staff,IC,EMP-L3-00002,2023-01-01,active,FT,false,
EMP-L3-00477,Staff477,Member,Staff477,Member,,BKK-R9,OPS,OPS Staff,IC,EMP-L3-00008,2023-01-01,active,FT,false,
EMP-L3-00478,Staff478,Member,Staff478,Member,,BKK-R9,FIN,FIN Staff,IC,EMP-L3-00005,2023-01-01,active,FT,false,
EMP-L3-00479,Staff479,Member,Staff479,Member,,BKK-R9,MKT,MKT Staff,IC,EMP-L3-00006,2023-01-01,active,FT,false,
EMP-L3-00480,Staff480,Member,Staff480,Member,,BKK-R9,RET,RET Staff,IC,EMP-L3-00004,2023-01-01,active,FT,false,
EMP-L3-00481,Staff481,Member,Staff481,Member,,BKK-R9,SUP,SUP Staff,IC,EMP-L3-00003,2023-01-01,active,FT,false,
EMP-L3-00482,Staff482,Member,Staff482,Member,,BKK-R9,B2B,B2B Staff,IC,EMP-L3-00002,2023-01-01,active,FT,false,
EMP-L3-00483,Staff483,Member,Staff483,Member,,BKK-R9,OPS,OPS Staff,IC,EMP-L3-00008,2023-01-01,active,FT,false,
EMP-L3-00484,Staff484,Member,Staff484,Member,,BKK-R9,FIN,FIN Staff,IC,EMP-L3-00005,2023-01-01,active,FT,false,
EMP-L3-00485,Staff485,Member,Staff485,Member,,BKK-R9,MKT,MKT Staff,IC,EMP-L3-00006,2023-01-01,active,FT,false,
EMP-L3-00486,Staff486,Member,Staff486,Member,,BKK-R9,RET,RET Staff,IC,EMP-L3-00004,2023-01-01,active,FT,false,
EMP-L3-00487,Staff487,Member,Staff487,Member,,BKK-R9,SUP,SUP Staff,IC,EMP-L3-00003,2023-01-01,active,FT,false,
EMP-L3-00488,Staff488,Member,Staff488,Member,,BKK-R9,B2B,B2B Staff,IC,EMP-L3-00002,2023-01-01,active,FT,false,
EMP-L3-00489,Staff489,Member,Staff489,Member,,BKK-R9,OPS,OPS Staff,IC,EMP-L3-00008,2023-01-01,active,FT,false,
EMP-L3-00490,Staff490,Member,Staff490,Member,,BKK-R9,FIN,FIN Staff,IC,EMP-L3-00005,2023-01-01,active,FT,false,
EMP-L3-00491,Staff491,Member,Staff491,Member,,BKK-R9,MKT,MKT Staff,IC,EMP-L3-00006,2023-01-01,active,FT,false,
EMP-L3-00492,Staff492,Member,Staff492,Member,,BKK-R9,RET,RET Staff,IC,EMP-L3-00004,2023-01-01,active,FT,false,
EMP-L3-00493,Staff493,Member,Staff493,Member,,BKK-R9,SUP,SUP Staff,IC,EMP-L3-00003,2023-01-01,active,FT,false,
EMP-L3-00494,Staff494,Member,Staff494,Member,,BKK-R9,B2B,B2B Staff,IC,EMP-L3-00002,2023-01-01,active,FT,false,
EMP-L3-00495,Staff495,Member,Staff495,Member,,BKK-R9,OPS,OPS Staff,IC,EMP-L3-00008,2023-01-01,active,FT,false,
EMP-L3-00496,Staff496,Member,Staff496,Member,,BKK-R9,FIN,FIN Staff,IC,EMP-L3-00005,2023-01-01,active,FT,false,
EMP-L3-00497,Staff497,Member,Staff497,Member,,BKK-R9,MKT,MKT Staff,IC,EMP-L3-00006,2023-01-01,active,FT,false,
EMP-L3-00498,Staff498,Member,Staff498,Member,,BKK-R9,RET,RET Staff,IC,EMP-L3-00004,2023-01-01,active,FT,false,
EMP-L3-00499,Staff499,Member,Staff499,Member,,BKK-R9,SUP,SUP Staff,IC,EMP-L3-00003,2023-01-01,active,FT,false,
EMP-L3-00500,Staff500,Member,Staff500,Member,,BKK-R9,B2B,B2B Staff,IC,EMP-L3-00002,2023-01-01,active,FT,false,
EMP-L3-00501,Staff501,Member,Staff501,Member,,BKK-R9,OPS,OPS Staff,IC,EMP-L3-00008,2023-01-01,active,FT,false,
EMP-L3-00502,Staff502,Member,Staff502,Member,,BKK-R9,FIN,FIN Staff,IC,EMP-L3-00005,2023-01-01,active,FT,false,
EMP-L3-00503,Staff503,Member,Staff503,Member,,BKK-R9,MKT,MKT Staff,IC,EMP-L3-00006,2023-01-01,active,FT,false,
EMP-L3-00504,Staff504,Member,Staff504,Member,,BKK-R9,RET,RET Staff,IC,EMP-L3-00004,2023-01-01,active,FT,false,
EMP-L3-00505,Staff505,Member,Staff505,Member,,BKK-R9,SUP,SUP Staff,IC,EMP-L3-00003,2023-01-01,active,FT,false,
EMP-L3-00506,Staff506,Member,Staff506,Member,,BKK-R9,B2B,B2B Staff,IC,EMP-L3-00002,2023-01-01,active,FT,false,
EMP-L3-00507,Staff507,Member,Staff507,Member,,BKK-R9,OPS,OPS Staff,IC,EMP-L3-00008,2023-01-01,active,FT,false,
EMP-L3-00508,Staff508,Member,Staff508,Member,,BKK-R9,FIN,FIN Staff,IC,EMP-L3-00005,2023-01-01,active,FT,false,
EMP-L3-00509,Staff509,Member,Staff509,Member,,BKK-R9,MKT,MKT Staff,IC,EMP-L3-00006,2023-01-01,active,FT,false,
EMP-L3-00510,Staff510,Member,Staff510,Member,,BKK-R9,RET,RET Staff,IC,EMP-L3-00004,2023-01-01,active,FT,false,
EMP-L3-00511,Staff511,Member,Staff511,Member,,BKK-R9,SUP,SUP Staff,IC,EMP-L3-00003,2023-01-01,active,FT,false,
EMP-L3-00512,Staff512,Member,Staff512,Member,,BKK-R9,B2B,B2B Staff,IC,EMP-L3-00002,2023-01-01,active,FT,false,
EMP-L3-00513,Staff513,Member,Staff513,Member,,BKK-R9,OPS,OPS Staff,IC,EMP-L3-00008,2023-01-01,active,FT,false,
EMP-L3-00514,Staff514,Member,Staff514,Member,,BKK-R9,FIN,FIN Staff,IC,EMP-L3-00005,2023-01-01,active,FT,false,
EMP-L3-00515,Staff515,Member,Staff515,Member,,BKK-R9,MKT,MKT Staff,IC,EMP-L3-00006,2023-01-01,active,FT,false,
EMP-L3-00516,Staff516,Member,Staff516,Member,,BKK-R9,RET,RET Staff,IC,EMP-L3-00004,2023-01-01,active,FT,false,
EMP-L3-00517,Staff517,Member,Staff517,Member,,BKK-R9,SUP,SUP Staff,IC,EMP-L3-00003,2023-01-01,active,FT,false,
EMP-L3-00518,Staff518,Member,Staff518,Member,,BKK-R9,B2B,B2B Staff,IC,EMP-L3-00002,2023-01-01,active,FT,false,
EMP-L3-00519,Staff519,Member,Staff519,Member,,BKK-R9,OPS,OPS Staff,IC,EMP-L3-00008,2023-01-01,active,FT,false,
EMP-L3-00520,Staff520,Member,Staff520,Member,,BKK-R9,FIN,FIN Staff,IC,EMP-L3-00005,2023-01-01,active,FT,false,
EMP-L3-00521,Staff521,Member,Staff521,Member,,BKK-R9,MKT,MKT Staff,IC,EMP-L3-00006,2023-01-01,active,FT,false,
EMP-L3-00522,Staff522,Member,Staff522,Member,,BKK-R9,RET,RET Staff,IC,EMP-L3-00004,2023-01-01,active,FT,false,
EMP-L3-00523,Staff523,Member,Staff523,Member,,BKK-R9,SUP,SUP Staff,IC,EMP-L3-00003,2023-01-01,active,FT,false,
EMP-L3-00524,Staff524,Member,Staff524,Member,,BKK-R9,B2B,B2B Staff,IC,EMP-L3-00002,2023-01-01,active,FT,false,
EMP-L3-00525,Staff525,Member,Staff525,Member,,BKK-R9,OPS,OPS Staff,IC,EMP-L3-00008,2023-01-01,active,FT,false,
EMP-L3-00526,Staff526,Member,Staff526,Member,,BKK-R9,FIN,FIN Staff,IC,EMP-L3-00005,2023-01-01,active,FT,false,
EMP-L3-00527,Staff527,Member,Staff527,Member,,BKK-R9,MKT,MKT Staff,IC,EMP-L3-00006,2023-01-01,active,FT,false,
EMP-L3-00528,Staff528,Member,Staff528,Member,,BKK-R9,RET,RET Staff,IC,EMP-L3-00004,2023-01-01,active,FT,false,
EMP-L3-00529,Staff529,Member,Staff529,Member,,BKK-R9,SUP,SUP Staff,IC,EMP-L3-00003,2023-01-01,active,FT,false,
EMP-L3-00530,Staff530,Member,Staff530,Member,,BKK-R9,B2B,B2B Staff,IC,EMP-L3-00002,2023-01-01,active,FT,false,
EMP-L3-00531,Staff531,Member,Staff531,Member,,BKK-R9,OPS,OPS Staff,IC,EMP-L3-00008,2023-01-01,active,FT,false,
EMP-L3-00532,Staff532,Member,Staff532,Member,,BKK-R9,FIN,FIN Staff,IC,EMP-L3-00005,2023-01-01,active,FT,false,
EMP-L3-00533,Staff533,Member,Staff533,Member,,BKK-R9,MKT,MKT Staff,IC,EMP-L3-00006,2023-01-01,active,FT,false,
EMP-L3-00534,Staff534,Member,Staff534,Member,,BKK-R9,RET,RET Staff,IC,EMP-L3-00004,2023-01-01,active,FT,false,
EMP-L3-00535,Staff535,Member,Staff535,Member,,BKK-R9,SUP,SUP Staff,IC,EMP-L3-00003,2023-01-01,active,FT,false,
EMP-L3-00536,Staff536,Member,Staff536,Member,,BKK-R9,B2B,B2B Staff,IC,EMP-L3-00002,2023-01-01,active,FT,false,
EMP-L3-00537,Staff537,Member,Staff537,Member,,BKK-R9,OPS,OPS Staff,IC,EMP-L3-00008,2023-01-01,active,FT,false,
EMP-L3-00538,Staff538,Member,Staff538,Member,,BKK-R9,FIN,FIN Staff,IC,EMP-L3-00005,2023-01-01,active,FT,false,
EMP-L3-00539,Staff539,Member,Staff539,Member,,BKK-R9,MKT,MKT Staff,IC,EMP-L3-00006,2023-01-01,active,FT,false,
EMP-L3-00540,Staff540,Member,Staff540,Member,,BKK-R9,RET,RET Staff,IC,EMP-L3-00004,2023-01-01,active,FT,false,
EMP-L3-00541,Staff541,Member,Staff541,Member,,BKK-R9,SUP,SUP Staff,IC,EMP-L3-00003,2023-01-01,active,FT,false,
EMP-L3-00542,Staff542,Member,Staff542,Member,,BKK-R9,B2B,B2B Staff,IC,EMP-L3-00002,2023-01-01,active,FT,false,
EMP-L3-00543,Staff543,Member,Staff543,Member,,BKK-R9,OPS,OPS Staff,IC,EMP-L3-00008,2023-01-01,active,FT,false,
EMP-L3-00544,Staff544,Member,Staff544,Member,,BKK-R9,FIN,FIN Staff,IC,EMP-L3-00005,2023-01-01,active,FT,false,
EMP-L3-00545,Staff545,Member,Staff545,Member,,BKK-R9,MKT,MKT Staff,IC,EMP-L3-00006,2023-01-01,active,FT,false,
EMP-L3-00546,Staff546,Member,Staff546,Member,,BKK-R9,RET,RET Staff,IC,EMP-L3-00004,2023-01-01,active,FT,false,
EMP-L3-00547,Staff547,Member,Staff547,Member,,BKK-R9,SUP,SUP Staff,IC,EMP-L3-00003,2023-01-01,active,FT,false,
EMP-L3-00548,Staff548,Member,Staff548,Member,,BKK-R9,B2B,B2B Staff,IC,EMP-L3-00002,2023-01-01,active,FT,false,
EMP-L3-00549,Staff549,Member,Staff549,Member,,BKK-R9,OPS,OPS Staff,IC,EMP-L3-00008,2023-01-01,active,FT,false,
EMP-L3-00550,Staff550,Member,Staff550,Member,,BKK-R9,FIN,FIN Staff,IC,EMP-L3-00005,2023-01-01,active,FT,false,
EMP-L3-00551,Staff551,Member,Staff551,Member,,BKK-R9,MKT,MKT Staff,IC,EMP-L3-00006,2023-01-01,active,FT,false,
EMP-L3-00552,Staff552,Member,Staff552,Member,,BKK-R9,RET,RET Staff,IC,EMP-L3-00004,2023-01-01,active,FT,false,
EMP-L3-00553,Staff553,Member,Staff553,Member,,BKK-R9,SUP,SUP Staff,IC,EMP-L3-00003,2023-01-01,active,FT,false,
EMP-L3-00554,Staff554,Member,Staff554,Member,,BKK-R9,B2B,B2B Staff,IC,EMP-L3-00002,2023-01-01,active,FT,false,
EMP-L3-00555,Staff555,Member,Staff555,Member,,BKK-R9,OPS,OPS Staff,IC,EMP-L3-00008,2023-01-01,active,FT,false,
EMP-L3-00556,Staff556,Member,Staff556,Member,,BKK-R9,FIN,FIN Staff,IC,EMP-L3-00005,2023-01-01,active,FT,false,
EMP-L3-00557,Staff557,Member,Staff557,Member,,BKK-R9,MKT,MKT Staff,IC,EMP-L3-00006,2023-01-01,active,FT,false,
EMP-L3-00558,Staff558,Member,Staff558,Member,,BKK-R9,RET,RET Staff,IC,EMP-L3-00004,2023-01-01,active,FT,false,
EMP-L3-00559,Staff559,Member,Staff559,Member,,BKK-R9,SUP,SUP Staff,IC,EMP-L3-00003,2023-01-01,active,FT,false,
EMP-L3-00560,Staff560,Member,Staff560,Member,,BKK-R9,B2B,B2B Staff,IC,EMP-L3-00002,2023-01-01,active,FT,false,
EMP-L3-00561,Staff561,Member,Staff561,Member,,BKK-R9,OPS,OPS Staff,IC,EMP-L3-00008,2023-01-01,active,FT,false,
EMP-L3-00562,Staff562,Member,Staff562,Member,,BKK-R9,FIN,FIN Staff,IC,EMP-L3-00005,2023-01-01,active,FT,false,
EMP-L3-00563,Staff563,Member,Staff563,Member,,BKK-R9,MKT,MKT Staff,IC,EMP-L3-00006,2023-01-01,active,FT,false,
EMP-L3-00564,Staff564,Member,Staff564,Member,,BKK-R9,RET,RET Staff,IC,EMP-L3-00004,2023-01-01,active,FT,false,
EMP-L3-00565,Staff565,Member,Staff565,Member,,BKK-R9,SUP,SUP Staff,IC,EMP-L3-00003,2023-01-01,active,FT,false,
EMP-L3-00566,Staff566,Member,Staff566,Member,,BKK-R9,B2B,B2B Staff,IC,EMP-L3-00002,2023-01-01,active,FT,false,
EMP-L3-00567,Staff567,Member,Staff567,Member,,BKK-R9,OPS,OPS Staff,IC,EMP-L3-00008,2023-01-01,active,FT,false,
EMP-L3-00568,Staff568,Member,Staff568,Member,,BKK-R9,FIN,FIN Staff,IC,EMP-L3-00005,2023-01-01,active,FT,false,
EMP-L3-00569,Staff569,Member,Staff569,Member,,BKK-R9,MKT,MKT Staff,IC,EMP-L3-00006,2023-01-01,active,FT,false,
EMP-L3-00570,Staff570,Member,Staff570,Member,,BKK-R9,RET,RET Staff,IC,EMP-L3-00004,2023-01-01,active,FT,false,
EMP-L3-00571,Staff571,Member,Staff571,Member,,BKK-R9,SUP,SUP Staff,IC,EMP-L3-00003,2023-01-01,active,FT,false,
EMP-L3-00572,Staff572,Member,Staff572,Member,,BKK-R9,B2B,B2B Staff,IC,EMP-L3-00002,2023-01-01,active,FT,false,
EMP-L3-00573,Staff573,Member,Staff573,Member,,BKK-R9,OPS,OPS Staff,IC,EMP-L3-00008,2023-01-01,active,FT,false,
EMP-L3-00574,Staff574,Member,Staff574,Member,,BKK-R9,FIN,FIN Staff,IC,EMP-L3-00005,2023-01-01,active,FT,false,
EMP-L3-00575,Staff575,Member,Staff575,Member,,BKK-R9,MKT,MKT Staff,IC,EMP-L3-00006,2023-01-01,active,FT,false,
EMP-L3-00576,Staff576,Member,Staff576,Member,,BKK-R9,RET,RET Staff,IC,EMP-L3-00004,2023-01-01,active,FT,false,
EMP-L3-00577,Staff577,Member,Staff577,Member,,BKK-R9,SUP,SUP Staff,IC,EMP-L3-00003,2023-01-01,active,FT,false,
EMP-L3-00578,Staff578,Member,Staff578,Member,,BKK-R9,B2B,B2B Staff,IC,EMP-L3-00002,2023-01-01,active,FT,false,
EMP-L3-00579,Staff579,Member,Staff579,Member,,BKK-R9,OPS,OPS Staff,IC,EMP-L3-00008,2023-01-01,active,FT,false,
EMP-L3-00580,Staff580,Member,Staff580,Member,,BKK-R9,FIN,FIN Staff,IC,EMP-L3-00005,2023-01-01,active,FT,false,
EMP-L3-00581,Staff581,Member,Staff581,Member,,BKK-R9,MKT,MKT Staff,IC,EMP-L3-00006,2023-01-01,active,FT,false,
EMP-L3-00582,Staff582,Member,Staff582,Member,,BKK-R9,RET,RET Staff,IC,EMP-L3-00004,2023-01-01,active,FT,false,
EMP-L3-00583,Staff583,Member,Staff583,Member,,BKK-R9,SUP,SUP Staff,IC,EMP-L3-00003,2023-01-01,active,FT,false,
EMP-L3-00584,Staff584,Member,Staff584,Member,,BKK-R9,B2B,B2B Staff,IC,EMP-L3-00002,2023-01-01,active,FT,false,
EMP-L3-00585,Staff585,Member,Staff585,Member,,BKK-R9,OPS,OPS Staff,IC,EMP-L3-00008,2023-01-01,active,FT,false,
EMP-L3-00586,Staff586,Member,Staff586,Member,,BKK-R9,FIN,FIN Staff,IC,EMP-L3-00005,2023-01-01,active,FT,false,
EMP-L3-00587,Staff587,Member,Staff587,Member,,BKK-R9,MKT,MKT Staff,IC,EMP-L3-00006,2023-01-01,active,FT,false,
EMP-L3-00588,Staff588,Member,Staff588,Member,,BKK-R9,RET,RET Staff,IC,EMP-L3-00004,2023-01-01,active,FT,false,
EMP-L3-00589,Staff589,Member,Staff589,Member,,BKK-R9,SUP,SUP Staff,IC,EMP-L3-00003,2023-01-01,active,FT,false,
EMP-L3-00590,Staff590,Member,Staff590,Member,,BKK-R9,B2B,B2B Staff,IC,EMP-L3-00002,2023-01-01,active,FT,false,
EMP-L3-00591,Staff591,Member,Staff591,Member,,BKK-R9,OPS,OPS Staff,IC,EMP-L3-00008,2023-01-01,active,FT,false,
EMP-L3-00592,Staff592,Member,Staff592,Member,,BKK-R9,FIN,FIN Staff,IC,EMP-L3-00005,2023-01-01,active,FT,false,
EMP-L3-00593,Staff593,Member,Staff593,Member,,BKK-R9,MKT,MKT Staff,IC,EMP-L3-00006,2023-01-01,active,FT,false,
EMP-L3-00594,Staff594,Member,Staff594,Member,,BKK-R9,RET,RET Staff,IC,EMP-L3-00004,2023-01-01,active,FT,false,
EMP-L3-00595,Staff595,Member,Staff595,Member,,BKK-R9,SUP,SUP Staff,IC,EMP-L3-00003,2023-01-01,active,FT,false,
EMP-L3-00596,Staff596,Member,Staff596,Member,,BKK-R9,B2B,B2B Staff,IC,EMP-L3-00002,2023-01-01,active,FT,false,
EMP-L3-00597,Staff597,Member,Staff597,Member,,BKK-R9,OPS,OPS Staff,IC,EMP-L3-00008,2023-01-01,active,FT,false,
EMP-L3-00598,Staff598,Member,Staff598,Member,,BKK-R9,FIN,FIN Staff,IC,EMP-L3-00005,2023-01-01,active,FT,false,
EMP-L3-00599,Staff599,Member,Staff599,Member,,BKK-R9,MKT,MKT Staff,IC,EMP-L3-00006,2023-01-01,active,FT,false,
EMP-L3-00600,Staff600,Member,Staff600,Member,,BKK-R9,RET,RET Staff,IC,EMP-L3-00004,2023-01-01,active,FT,false,
